{
 "Job": [
  {
   "name": "Android Developer",
   "url": "https://www.linkedin.com/jobs/view/android-developer-at-sincere-corporation-3635510787?refId=5zMyTyfUrNg0QxOgzAPvaQ%3D%3D&trackingId=OnRhb8ubKzb0RJOEJ1kz6w%3D%3D&position=1&pageNum=0&trk=public_jobs_jserp-result_search-card"
  },
  {
   "name": "Android Developer",
   "url": "https://www.linkedin.com/jobs/view/android-developer%C2%A0-at-zettalogix-inc-3692185312?refId=5zMyTyfUrNg0QxOgzAPvaQ%3D%3D&trackingId=QtSfLiaK4dHCvH2mkJBjww%3D%3D&position=2&pageNum=0&trk=public_jobs_jserp-result_search-card"
  },
  {
   "name": "Android developer",
   "url": "https://www.linkedin.com/jobs/view/android-developer-at-sysmind-3772698241?refId=5zMyTyfUrNg0QxOgzAPvaQ%3D%3D&trackingId=BXB8I8HnO2EdF%2Fs3UKOWJw%3D%3D&position=3&pageNum=0&trk=public_jobs_jserp-result_search-card"
  },
  {
   "name": "Android Developer",
   "url": "https://www.linkedin.com/jobs/view/android-developer-at-nantmobile%E2%84%A2-3771517196?refId=5zMyTyfUrNg0QxOgzAPvaQ%3D%3D&trackingId=BHS64gio%2FXZqNgU7yzzCxw%3D%3D&position=4&pageNum=0&trk=public_jobs_jserp-result_search-card"
  },
  {
   "name": "Android Developer",
   "url": "https://www.linkedin.com/jobs/view/android-developer-at-quantumbricks-3686160919?refId=5zMyTyfUrNg0QxOgzAPvaQ%3D%3D&trackingId=etuQG5wTzU6LAOjiYG2IDA%3D%3D&position=5&pageNum=0&trk=public_jobs_jserp-result_search-card"
  },
  {
   "name": "Mobile Application Developer",
   "url": "https://www.linkedin.com/jobs/view/mobile-application-developer-at-rsa-conference-3761346771?refId=5zMyTyfUrNg0QxOgzAPvaQ%3D%3D&trackingId=74ehozKjjWQW6osn%2BKwJsQ%3D%3D&position=6&pageNum=0&trk=public_jobs_jserp-result_search-card"
  },
  {
   "name": "Mobile Application Developer",
   "url": "https://www.linkedin.com/jobs/view/mobile-application-developer-at-steneral-consulting-3772472700?refId=5zMyTyfUrNg0QxOgzAPvaQ%3D%3D&trackingId=vRWtcA4ENtcjpWCguBqxIA%3D%3D&position=7&pageNum=0&trk=public_jobs_jserp-result_search-card"
  },
  {
   "name": "Android Developer",
   "url": "https://www.linkedin.com/jobs/view/android-developer-at-vrk-it-vision-inc-3683801151?refId=5zMyTyfUrNg0QxOgzAPvaQ%3D%3D&trackingId=pC%2FyIZTSUotT4nQBVuKYKA%3D%3D&position=8&pageNum=0&trk=public_jobs_jserp-result_search-card"
  },
  {
   "name": "Android Developer",
   "url": "https://www.linkedin.com/jobs/view/android-developer-at-ekodus-inc-3633754713?refId=5zMyTyfUrNg0QxOgzAPvaQ%3D%3D&trackingId=PijYIqjU1xpstMtQlSJZvg%3D%3D&position=9&pageNum=0&trk=public_jobs_jserp-result_search-card"
  },
  {
   "name": "Android Developer",
   "url": "https://www.linkedin.com/jobs/view/android-developer-at-stanley-david-and-associates-3775272348?refId=5zMyTyfUrNg0QxOgzAPvaQ%3D%3D&trackingId=y8lnPWqE8NvJuAI6azl08Q%3D%3D&position=10&pageNum=0&trk=public_jobs_jserp-result_search-card"
  },
  {
   "name": "Software Engineer - Mobile",
   "url": "https://www.linkedin.com/jobs/view/software-engineer-mobile-at-kikoff-3769033279?refId=5zMyTyfUrNg0QxOgzAPvaQ%3D%3D&trackingId=aix73HoL6K%2F9mRBORaDp6Q%3D%3D&position=11&pageNum=0&trk=public_jobs_jserp-result_search-card"
  },
  {
   "name": "Sr. Android/Kotlin Developer",
   "url": "https://www.linkedin.com/jobs/view/sr-android-kotlin-developer-at-steneral-consulting-3641988046?refId=5zMyTyfUrNg0QxOgzAPvaQ%3D%3D&trackingId=J3d1KaWaeK7w8IsRACmy5w%3D%3D&position=12&pageNum=0&trk=public_jobs_jserp-result_search-card"
  },
  {
   "name": "Android Developer",
   "url": "https://www.linkedin.com/jobs/view/android-developer-at-ata-analytiq-llc-3773800667?refId=5zMyTyfUrNg0QxOgzAPvaQ%3D%3D&trackingId=TH5MXkjixaa59Erl4FNhqA%3D%3D&position=13&pageNum=0&trk=public_jobs_jserp-result_search-card"
  },
  {
   "name": "Android Mobile Developer",
   "url": "https://www.linkedin.com/jobs/view/android-mobile-developer-at-scigon-3775522295?refId=5zMyTyfUrNg0QxOgzAPvaQ%3D%3D&trackingId=fOCTISKCTSYyyLYDvwHg2w%3D%3D&position=14&pageNum=0&trk=public_jobs_jserp-result_search-card"
  },
  {
   "name": "Android Developer",
   "url": "https://www.linkedin.com/jobs/view/android-developer-at-summit-staffing-partners-3769054525?refId=5zMyTyfUrNg0QxOgzAPvaQ%3D%3D&trackingId=tKzRWz7%2FYDmSZmFzgZikCQ%3D%3D&position=15&pageNum=0&trk=public_jobs_jserp-result_search-card"
  },
  {
   "name": "Android Developer :: Issaquah, WA",
   "url": "https://www.linkedin.com/jobs/view/android-developer-issaquah-wa-at-niktor-3770436787?refId=5zMyTyfUrNg0QxOgzAPvaQ%3D%3D&trackingId=V69StWEcIg5MTkd%2Fr57N5A%3D%3D&position=16&pageNum=0&trk=public_jobs_jserp-result_search-card"
  },
  {
   "name": "Android Developer: 23-02282",
   "url": "https://www.linkedin.com/jobs/view/android-developer-23-02282-at-akraya-inc-3768049692?refId=5zMyTyfUrNg0QxOgzAPvaQ%3D%3D&trackingId=lmEzCh7pg87StSl7V1hkFQ%3D%3D&position=17&pageNum=0&trk=public_jobs_jserp-result_search-card"
  },
  {
   "name": "Mobile Developer",
   "url": "https://www.linkedin.com/jobs/view/mobile-developer-at-nymbus-3751172333?refId=5zMyTyfUrNg0QxOgzAPvaQ%3D%3D&trackingId=ux6C35nmsZBrXCSDyJ%2Fu0Q%3D%3D&position=18&pageNum=0&trk=public_jobs_jserp-result_search-card"
  },
  {
   "name": "Android Developer",
   "url": "https://www.linkedin.com/jobs/view/android-developer-at-accroid-inc-3750170695?refId=5zMyTyfUrNg0QxOgzAPvaQ%3D%3D&trackingId=Eqg1caAPHHfPefU%2Fj%2FVllg%3D%3D&position=19&pageNum=0&trk=public_jobs_jserp-result_search-card"
  },
  {
   "name": "Android Developer",
   "url": "https://www.linkedin.com/jobs/view/android-developer-at-omegahires-3766106496?refId=5zMyTyfUrNg0QxOgzAPvaQ%3D%3D&trackingId=TzlUjagvgzUZ9O7LJ4xtew%3D%3D&position=20&pageNum=0&trk=public_jobs_jserp-result_search-card"
  },
  {
   "name": "Android Developer IV",
   "url": "https://www.linkedin.com/jobs/view/android-developer-iv-at-anveta-inc-3662658188?refId=5zMyTyfUrNg0QxOgzAPvaQ%3D%3D&trackingId=Anqs74oIVkIhkowGZGHTMg%3D%3D&position=21&pageNum=0&trk=public_jobs_jserp-result_search-card"
  },
  {
   "name": "Mobile Developer",
   "url": "https://www.linkedin.com/jobs/view/mobile-developer-at-steneral-consulting-3737107048?refId=5zMyTyfUrNg0QxOgzAPvaQ%3D%3D&trackingId=ESozAB3LlNgwTBuYJLybUA%3D%3D&position=22&pageNum=0&trk=public_jobs_jserp-result_search-card"
  },
  {
   "name": "Android Engineer",
   "url": "https://www.linkedin.com/jobs/view/android-engineer-at-modern-3758537928?refId=5zMyTyfUrNg0QxOgzAPvaQ%3D%3D&trackingId=w7R40XNPZYyM0owkc9hOGg%3D%3D&position=23&pageNum=0&trk=public_jobs_jserp-result_search-card"
  },
  {
   "name": "Sr. Android Developer || Remote",
   "url": "https://www.linkedin.com/jobs/view/sr-android-developer-remote-at-steneral-consulting-3645690413?refId=5zMyTyfUrNg0QxOgzAPvaQ%3D%3D&trackingId=mlgW3hAG4idzNdW6YanEcA%3D%3D&position=24&pageNum=0&trk=public_jobs_jserp-result_search-card"
  },
  {
   "name": "Native Mobile App Developer",
   "url": "https://www.linkedin.com/jobs/view/native-mobile-app-developer-at-anveta-inc-3645629959?refId=5zMyTyfUrNg0QxOgzAPvaQ%3D%3D&trackingId=H6xGQNqz8cTEi%2FaW1jQgmA%3D%3D&position=25&pageNum=0&trk=public_jobs_jserp-result_search-card"
  },
  {
   "name": "Android Developer",
   "url": "https://www.linkedin.com/jobs/view/android-developer-at-sincere-corporation-3635510787?refId=5zMyTyfUrNg0QxOgzAPvaQ%3D%3D&trackingId=OnRhb8ubKzb0RJOEJ1kz6w%3D%3D&trk=public_jobs_topcard-title",
   "level": "Entry level",
   "applicants": "Over 200 applicants",
   "time": "6 months ago"
  }
 ]
}