{
 "Job": [
  {
   "name": "Automation Equipment Engineer",
   "url": "https://www.linkedin.com/jobs/view/automation-equipment-engineer-at-salcomp-plc-3771935416?refId=QNvlsYrUG24ik39ZTx6x5A%3D%3D&trackingId=8l5XUsYrJ9OGjIey715COA%3D%3D&position=1&pageNum=0&trk=public_jobs_jserp-result_search-card"
  },
  {
   "name": "Electrical Engineering Manager",
   "url": "https://www.linkedin.com/jobs/view/electrical-engineering-manager-at-verterra-energy-3775138744?refId=QNvlsYrUG24ik39ZTx6x5A%3D%3D&trackingId=CPujKpfjlvPhSAMei98%2B8g%3D%3D&position=2&pageNum=0&trk=public_jobs_jserp-result_search-card"
  },
  {
   "name": "Electrical Engineer",
   "url": "https://www.linkedin.com/jobs/view/electrical-engineer-at-veev-3774916154?refId=QNvlsYrUG24ik39ZTx6x5A%3D%3D&trackingId=7nKkdqCacSbHbZhG9wQ80Q%3D%3D&position=3&pageNum=0&trk=public_jobs_jserp-result_search-card"
  },
  {
   "name": "Robotics Electrical Engineering Intern",
   "url": "https://www.linkedin.com/jobs/view/robotics-electrical-engineering-intern-at-st-engineering-aethon-3733309976?refId=QNvlsYrUG24ik39ZTx6x5A%3D%3D&trackingId=OMlZDH9mrYg%2F8c%2FdiHqQQw%3D%3D&position=4&pageNum=0&trk=public_jobs_jserp-result_search-card"
  },
  {
   "name": "Electrical Foreman",
   "url": "https://www.linkedin.com/jobs/view/electrical-foreman-at-talent-corps-3771941761?refId=QNvlsYrUG24ik39ZTx6x5A%3D%3D&trackingId=CfJHkRSHVeBMwSWXy%2F5kng%3D%3D&position=5&pageNum=0&trk=public_jobs_jserp-result_search-card"
  },
  {
   "name": "Electrical Engineering Technician",
   "url": "https://www.linkedin.com/jobs/view/electrical-engineering-technician-at-workforce-australia-for-individuals-3766002009?refId=QNvlsYrUG24ik39ZTx6x5A%3D%3D&trackingId=mepv6HmqBtU22AYbMvc9jg%3D%3D&position=6&pageNum=0&trk=public_jobs_jserp-result_search-card"
  },
  {
   "name": "Electrical Engineer",
   "url": "https://www.linkedin.com/jobs/view/electrical-engineer-at-rust-belt-recruiting-3771504759?refId=QNvlsYrUG24ik39ZTx6x5A%3D%3D&trackingId=DzqOOc2%2F%2FIoZGJ%2F7ja6hbQ%3D%3D&position=7&pageNum=0&trk=public_jobs_jserp-result_search-card"
  },
  {
   "name": "Electrical Engineering Technician",
   "url": "https://www.linkedin.com/jobs/view/electrical-engineering-technician-at-firestorm-labs-3755471576?refId=QNvlsYrUG24ik39ZTx6x5A%3D%3D&trackingId=N9PF21NaIgNZrUZLrJvJ4A%3D%3D&position=8&pageNum=0&trk=public_jobs_jserp-result_search-card"
  },
  {
   "name": "Electrical Engineer 2",
   "url": "https://www.linkedin.com/jobs/view/electrical-engineer-2-at-prolim-corporation-3773886399?refId=QNvlsYrUG24ik39ZTx6x5A%3D%3D&trackingId=QL%2Fl%2Fo1aigfD8CHxB6CxKw%3D%3D&position=9&pageNum=0&trk=public_jobs_jserp-result_search-card"
  },
  {
   "name": "Electrical - Controls Engineer",
   "url": "https://www.linkedin.com/jobs/view/electrical-controls-engineer-at-wilmington-machinery-3771504951?refId=QNvlsYrUG24ik39ZTx6x5A%3D%3D&trackingId=DUnonBvhK9nUcNUQx3LncQ%3D%3D&position=10&pageNum=0&trk=public_jobs_jserp-result_search-card"
  },
  {
   "name": "Electrical Engineer",
   "url": "https://www.linkedin.com/jobs/view/electrical-engineer-at-econtrols-3773478864?refId=QNvlsYrUG24ik39ZTx6x5A%3D%3D&trackingId=m1X0yL07vRkR7X8l6uOhIg%3D%3D&position=11&pageNum=0&trk=public_jobs_jserp-result_search-card"
  },
  {
   "name": "Electrical Engineer 3",
   "url": "https://www.linkedin.com/jobs/view/electrical-engineer-3-at-winmax-3773362771?refId=QNvlsYrUG24ik39ZTx6x5A%3D%3D&trackingId=CjEFi2MaIBTKMNarN56hRA%3D%3D&position=12&pageNum=0&trk=public_jobs_jserp-result_search-card"
  },
  {
   "name": "Electrical Engineering",
   "url": "https://www.linkedin.com/jobs/view/electrical-engineering-at-intellectt-inc-3763599875?refId=QNvlsYrUG24ik39ZTx6x5A%3D%3D&trackingId=kyaygNX8N%2FyPECONaeUdMg%3D%3D&position=13&pageNum=0&trk=public_jobs_jserp-result_search-card"
  },
  {
   "name": "Electrical Control Engineer",
   "url": "https://www.linkedin.com/jobs/view/electrical-control-engineer-at-artius-solutions-3772696967?refId=QNvlsYrUG24ik39ZTx6x5A%3D%3D&trackingId=gwp99lBgyrkGsbd0iC7CFA%3D%3D&position=14&pageNum=0&trk=public_jobs_jserp-result_search-card"
  },
  {
   "name": "Electrical Engineering Manager",
   "url": "https://www.linkedin.com/jobs/view/electrical-engineering-manager-at-adecco-3760313688?refId=QNvlsYrUG24ik39ZTx6x5A%3D%3D&trackingId=6OwYkdKTcbUMv6fdfvAw4Q%3D%3D&position=15&pageNum=0&trk=public_jobs_jserp-result_search-card"
  },
  {
   "name": "Electrical Foreman",
   "url": "https://www.linkedin.com/jobs/view/electrical-foreman-at-fritz-staffing-group-3771500792?refId=QNvlsYrUG24ik39ZTx6x5A%3D%3D&trackingId=tBffwPfkpPhUK1MkjdK45A%3D%3D&position=16&pageNum=0&trk=public_jobs_jserp-result_search-card"
  },
  {
   "name": "Electrical Engineering Lead",
   "url": "https://www.linkedin.com/jobs/view/electrical-engineering-lead-at-ignite-recruitment-3735432183?refId=QNvlsYrUG24ik39ZTx6x5A%3D%3D&trackingId=jTszy%2BH6Gu9KrvYYau89eQ%3D%3D&position=17&pageNum=0&trk=public_jobs_jserp-result_search-card"
  },
  {
   "name": "Entry-Level Field Engineer",
   "url": "https://www.linkedin.com/jobs/view/entry-level-field-engineer-at-recruitability-3771398257?refId=QNvlsYrUG24ik39ZTx6x5A%3D%3D&trackingId=XHGeREIjQX5cuSTrrnQrGw%3D%3D&position=18&pageNum=0&trk=public_jobs_jserp-result_search-card"
  },
  {
   "name": "ELECTRICAL ENGINEER/DESIGNER",
   "url": "https://www.linkedin.com/jobs/view/electrical-engineer-designer-at-cs2-design-group-llc-3772515859?refId=QNvlsYrUG24ik39ZTx6x5A%3D%3D&trackingId=s1O0eKLBJCZdrtgl%2Fwk8rg%3D%3D&position=19&pageNum=0&trk=public_jobs_jserp-result_search-card"
  },
  {
   "name": "Electrician",
   "url": "https://www.linkedin.com/jobs/view/electrician-at-qtc-inc-3771593073?refId=QNvlsYrUG24ik39ZTx6x5A%3D%3D&trackingId=oz3aBA4kwW1i%2FY9tWT2hLg%3D%3D&position=20&pageNum=0&trk=public_jobs_jserp-result_search-card"
  },
  {
   "name": "Electrical Engineer II",
   "url": "https://www.linkedin.com/jobs/view/electrical-engineer-ii-at-autonomous-medical-devices-incorporated-3771573343?refId=QNvlsYrUG24ik39ZTx6x5A%3D%3D&trackingId=JmFzHu8L742NDKSH16m%2FFA%3D%3D&position=21&pageNum=0&trk=public_jobs_jserp-result_search-card"
  },
  {
   "name": "Electrical Design Engineer",
   "url": "https://www.linkedin.com/jobs/view/electrical-design-engineer-at-multistack-llc-3771543441?refId=QNvlsYrUG24ik39ZTx6x5A%3D%3D&trackingId=fOmjGWau0w6LJ6a%2FK4MoSw%3D%3D&position=22&pageNum=0&trk=public_jobs_jserp-result_search-card"
  },
  {
   "name": "Electrical Switchgear Personnel Needed",
   "url": "https://www.linkedin.com/jobs/view/electrical-switchgear-personnel-needed-at-point-eight-power-3772884227?refId=QNvlsYrUG24ik39ZTx6x5A%3D%3D&trackingId=i099dmotO9qmlZNguvVo7A%3D%3D&position=23&pageNum=0&trk=public_jobs_jserp-result_search-card"
  },
  {
   "name": "Electrical Foreman",
   "url": "https://www.linkedin.com/jobs/view/electrical-foreman-at-5-points-electrical-inc-3772717101?refId=QNvlsYrUG24ik39ZTx6x5A%3D%3D&trackingId=pbEBQYUa9pxYsUxbEwcEUw%3D%3D&position=24&pageNum=0&trk=public_jobs_jserp-result_search-card"
  },
  {
   "name": "Electrical Engineering Technician",
   "url": "https://www.linkedin.com/jobs/view/electrical-engineering-technician-at-intellectt-inc-3734771653?refId=QNvlsYrUG24ik39ZTx6x5A%3D%3D&trackingId=yGGE4U4vSFCZZq6h%2BR9mOw%3D%3D&position=25&pageNum=0&trk=public_jobs_jserp-result_search-card"
  },
  {
   "name": "Automation Equipment Engineer",
   "url": "https://www.linkedin.com/jobs/view/automation-equipment-engineer-at-salcomp-plc-3771935416?refId=QNvlsYrUG24ik39ZTx6x5A%3D%3D&trackingId=8l5XUsYrJ9OGjIey715COA%3D%3D&trk=public_jobs_topcard-title",
   "level": "Entry level",
   "applicants": "Be among the first 25 applicants",
   "time": "6 days ago"
  }
 ]
}