{
 "Job": [
  {
   "name": "HR Assistant",
   "url": "https://www.linkedin.com/jobs/view/hr-assistant-at-medreview-inc-3741650988?refId=kOjQbFRbP9OXzR9fWMtrbQ%3D%3D&trackingId=PL%2FfxhRjxyjzIZtGa8q6FA%3D%3D&position=1&pageNum=0&trk=public_jobs_jserp-result_search-card"
  },
  {
   "name": "Associate Director of HR Operations",
   "url": "https://www.linkedin.com/jobs/view/associate-director-of-hr-operations-at-benefit-recovery-group-3763927178?refId=kOjQbFRbP9OXzR9fWMtrbQ%3D%3D&trackingId=%2FV%2BG2Ye8ptngR897oO8zYg%3D%3D&position=2&pageNum=0&trk=public_jobs_jserp-result_search-card"
  },
  {
   "name": "HR Business Partner",
   "url": "https://www.linkedin.com/jobs/view/hr-business-partner-at-lockheed-martin-3772379425?refId=kOjQbFRbP9OXzR9fWMtrbQ%3D%3D&trackingId=xblw%2Bhm%2FLM81AzzyZ0xybQ%3D%3D&position=3&pageNum=0&trk=public_jobs_jserp-result_search-card"
  },
  {
   "name": "Regional HR Business Partner (Remote)",
   "url": "https://www.linkedin.com/jobs/view/regional-hr-business-partner-remote-at-alpla-group-3775637858?refId=kOjQbFRbP9OXzR9fWMtrbQ%3D%3D&trackingId=YNE6rJqHpOABY%2BEad8KkqA%3D%3D&position=4&pageNum=0&trk=public_jobs_jserp-result_search-card"
  },
  {
   "name": "HR Onboarding Coordinator",
   "url": "https://www.linkedin.com/jobs/view/hr-onboarding-coordinator-at-camba-3759815290?refId=kOjQbFRbP9OXzR9fWMtrbQ%3D%3D&trackingId=h5yf541ngiG52D505P2few%3D%3D&position=5&pageNum=0&trk=public_jobs_jserp-result_search-card"
  },
  {
   "name": "HR Onboarding Coordinator",
   "url": "https://www.linkedin.com/jobs/view/hr-onboarding-coordinator-at-camba-3757597662?refId=kOjQbFRbP9OXzR9fWMtrbQ%3D%3D&trackingId=iqOZFIXLRI9D%2BoI%2Bjhu%2Bug%3D%3D&position=6&pageNum=0&trk=public_jobs_jserp-result_search-card"
  },
  {
   "name": "HR Business Partner",
   "url": "https://www.linkedin.com/jobs/view/hr-business-partner-at-bosch-usa-3772710205?refId=kOjQbFRbP9OXzR9fWMtrbQ%3D%3D&trackingId=d9Zi7%2FMhe38qa6I4rEPPoA%3D%3D&position=7&pageNum=0&trk=public_jobs_jserp-result_search-card"
  },
  {
   "name": "HR Administrator",
   "url": "https://www.linkedin.com/jobs/view/hr-administrator-at-pear-core-solutions-inc-3730865818?refId=kOjQbFRbP9OXzR9fWMtrbQ%3D%3D&trackingId=U3KPJn2V6QNlB2GX32E3ng%3D%3D&position=8&pageNum=0&trk=public_jobs_jserp-result_search-card"
  },
  {
   "name": "HR Generalist",
   "url": "https://www.linkedin.com/jobs/view/hr-generalist-at-b-consulting-3743026073?refId=kOjQbFRbP9OXzR9fWMtrbQ%3D%3D&trackingId=3NAq254mMucOQ%2BPNt0xVLg%3D%3D&position=9&pageNum=0&trk=public_jobs_jserp-result_search-card"
  },
  {
   "name": "Sr. Director HR Business Partner",
   "url": "https://www.linkedin.com/jobs/view/sr-director-hr-business-partner-at-compexecs-exclusively-focused-on-compensation-benefits-and-hr-professional-executive-search-3742683341?refId=kOjQbFRbP9OXzR9fWMtrbQ%3D%3D&trackingId=pVylMwVD2pGYi6YVpGztJA%3D%3D&position=10&pageNum=0&trk=public_jobs_jserp-result_search-card"
  },
  {
   "name": "HR Business Partner, Sr",
   "url": "https://www.linkedin.com/jobs/view/hr-business-partner-sr-at-lockheed-martin-3770448938?refId=kOjQbFRbP9OXzR9fWMtrbQ%3D%3D&trackingId=mmibYmBLLxKbdDEBLLlaTQ%3D%3D&position=11&pageNum=0&trk=public_jobs_jserp-result_search-card"
  },
  {
   "name": "Regional HR Specialist",
   "url": "https://www.linkedin.com/jobs/view/regional-hr-specialist-at-chicken-n-pickle-3768096470?refId=kOjQbFRbP9OXzR9fWMtrbQ%3D%3D&trackingId=5Da1BSxyuXWad%2FyrlLbcGw%3D%3D&position=12&pageNum=0&trk=public_jobs_jserp-result_search-card"
  },
  {
   "name": "HR Manager",
   "url": "https://www.linkedin.com/jobs/view/hr-manager-at-ringside-talent-3772652302?refId=kOjQbFRbP9OXzR9fWMtrbQ%3D%3D&trackingId=%2B5Fcy9AfARXylrT851XYgg%3D%3D&position=13&pageNum=0&trk=public_jobs_jserp-result_search-card"
  },
  {
   "name": "HR Business Partner",
   "url": "https://www.linkedin.com/jobs/view/hr-business-partner-at-lockheed-martin-3752389306?refId=kOjQbFRbP9OXzR9fWMtrbQ%3D%3D&trackingId=uR3oQhyk3OxbcE3FHfp0nA%3D%3D&position=14&pageNum=0&trk=public_jobs_jserp-result_search-card"
  },
  {
   "name": "HR Generalist",
   "url": "https://www.linkedin.com/jobs/view/hr-generalist-at-amick-brown-sap-cloud-technologies-and-business-intelligence-staffing-consulting-3742338252?refId=kOjQbFRbP9OXzR9fWMtrbQ%3D%3D&trackingId=lDDN7encV9c95sKrpVlqgA%3D%3D&position=15&pageNum=0&trk=public_jobs_jserp-result_search-card"
  },
  {
   "name": "Regional HR Specialist",
   "url": "https://www.linkedin.com/jobs/view/regional-hr-specialist-at-chicken-n-pickle-3768099072?refId=kOjQbFRbP9OXzR9fWMtrbQ%3D%3D&trackingId=NGwWVBEhfCKXJrm2k45OLw%3D%3D&position=16&pageNum=0&trk=public_jobs_jserp-result_search-card"
  },
  {
   "name": "HR Generalist - Atlanta",
   "url": "https://www.linkedin.com/jobs/view/hr-generalist-atlanta-at-resulticks-3667151937?refId=kOjQbFRbP9OXzR9fWMtrbQ%3D%3D&trackingId=0URJ3PURyaWcd9sMqh%2BVCQ%3D%3D&position=17&pageNum=0&trk=public_jobs_jserp-result_search-card"
  },
  {
   "name": "HR Generalist - Hybrid (Cerritos)",
   "url": "https://www.linkedin.com/jobs/view/hr-generalist-hybrid-cerritos-at-inbody-usa-3766413115?refId=kOjQbFRbP9OXzR9fWMtrbQ%3D%3D&trackingId=d6lXQKs1vlqmo5B7h70Y1w%3D%3D&position=18&pageNum=0&trk=public_jobs_jserp-result_search-card"
  },
  {
   "name": "HR Generalist III",
   "url": "https://www.linkedin.com/jobs/view/hr-generalist-iii-at-monterey-bay-aquarium-3758998978?refId=kOjQbFRbP9OXzR9fWMtrbQ%3D%3D&trackingId=yk%2Fi2oXoxXtH6b1MP7SKuw%3D%3D&position=19&pageNum=0&trk=public_jobs_jserp-result_search-card"
  },
  {
   "name": "HR Manager",
   "url": "https://www.linkedin.com/jobs/view/hr-manager-at-swcorp-3681249586?refId=kOjQbFRbP9OXzR9fWMtrbQ%3D%3D&trackingId=FV06n5H63LX27ISKE2dBBA%3D%3D&position=20&pageNum=0&trk=public_jobs_jserp-result_search-card"
  },
  {
   "name": "HR Generalist",
   "url": "https://www.linkedin.com/jobs/view/hr-generalist-at-scott-humphrey-corporation-3741984837?refId=kOjQbFRbP9OXzR9fWMtrbQ%3D%3D&trackingId=mockvMzBOCgytW2rlRW20w%3D%3D&position=21&pageNum=0&trk=public_jobs_jserp-result_search-card"
  },
  {
   "name": "Sr. Manager, HR Business Partner",
   "url": "https://www.linkedin.com/jobs/view/sr-manager-hr-business-partner-at-amsive-3767408825?refId=kOjQbFRbP9OXzR9fWMtrbQ%3D%3D&trackingId=KJ32CXPiFmu86FpiloSazw%3D%3D&position=22&pageNum=0&trk=public_jobs_jserp-result_search-card"
  },
  {
   "name": "HR Coordinator I",
   "url": "https://www.linkedin.com/jobs/view/hr-coordinator-i-at-guess%3F-inc-3748269956?refId=kOjQbFRbP9OXzR9fWMtrbQ%3D%3D&trackingId=heTgEbxBWkVo3oXlURUphQ%3D%3D&position=23&pageNum=0&trk=public_jobs_jserp-result_search-card"
  },
  {
   "name": "HR Manager",
   "url": "https://www.linkedin.com/jobs/view/hr-manager-at-new-york-film-academy-3735237979?refId=kOjQbFRbP9OXzR9fWMtrbQ%3D%3D&trackingId=IMN12idRQB6gNTNIzMva0g%3D%3D&position=24&pageNum=0&trk=public_jobs_jserp-result_search-card"
  },
  {
   "name": "HR Coordinator",
   "url": "https://www.linkedin.com/jobs/view/hr-coordinator-at-tews-company-3770799683?refId=kOjQbFRbP9OXzR9fWMtrbQ%3D%3D&trackingId=J1GKFmSbTrcStLn5WifaBA%3D%3D&position=25&pageNum=0&trk=public_jobs_jserp-result_search-card"
  },
  {
   "name": "HR Assistant",
   "url": "https://www.linkedin.com/jobs/view/hr-assistant-at-medreview-inc-3741650988?refId=kOjQbFRbP9OXzR9fWMtrbQ%3D%3D&trackingId=PL%2FfxhRjxyjzIZtGa8q6FA%3D%3D&trk=public_jobs_topcard-title",
   "level": "Entry level",
   "applicants": "Over 200 applicants",
   "time": "1 month ago"
  }
 ]
}