{
 "Job": [
  {
   "name": "Graphic Designer",
   "url": "https://www.linkedin.com/jobs/view/graphic-designer-at-rhode-skin-3758246946?refId=6gw5xJUceIgVi4Ze2jaJ2w%3D%3D&trackingId=B%2B2iDdM9JS1NdcczvHEamA%3D%3D&position=1&pageNum=0&trk=public_jobs_jserp-result_search-card"
  },
  {
   "name": "Intern, Graphic Design",
   "url": "https://www.linkedin.com/jobs/view/intern-graphic-design-at-new-york-islanders-3774008051?refId=6gw5xJUceIgVi4Ze2jaJ2w%3D%3D&trackingId=TjtnhI57Nsz3PAW5qAQRjw%3D%3D&position=2&pageNum=0&trk=public_jobs_jserp-result_search-card"
  },
  {
   "name": "Freelance - Web Designer",
   "url": "https://www.linkedin.com/jobs/view/freelance-web-designer-at-tzumi-electronics-3775213680?refId=6gw5xJUceIgVi4Ze2jaJ2w%3D%3D&trackingId=CSRvz8pQBoIT1A%2FtsZe1jQ%3D%3D&position=3&pageNum=0&trk=public_jobs_jserp-result_search-card"
  },
  {
   "name": "Junior Designer",
   "url": "https://www.linkedin.com/jobs/view/junior-designer-at-nobody-3763921921?refId=6gw5xJUceIgVi4Ze2jaJ2w%3D%3D&trackingId=l8UqkhSZ2skuA53h8IJyLQ%3D%3D&position=4&pageNum=0&trk=public_jobs_jserp-result_search-card"
  },
  {
   "name": "Junior UI/UX Designer",
   "url": "https://www.linkedin.com/jobs/view/junior-ui-ux-designer-at-ampcontrol-3752267043?refId=6gw5xJUceIgVi4Ze2jaJ2w%3D%3D&trackingId=9j%2BFgE2eGotirOChZ7LStg%3D%3D&position=5&pageNum=0&trk=public_jobs_jserp-result_search-card"
  },
  {
   "name": "Visual Designer",
   "url": "https://www.linkedin.com/jobs/view/visual-designer-at-hypr-the-identity-assurance-company-3767903021?refId=6gw5xJUceIgVi4Ze2jaJ2w%3D%3D&trackingId=2fh9P4pBeaCoA7kWIcpCmA%3D%3D&position=6&pageNum=0&trk=public_jobs_jserp-result_search-card"
  },
  {
   "name": "Web Designer",
   "url": "https://www.linkedin.com/jobs/view/web-designer-at-mint-cannabis-3756926516?refId=6gw5xJUceIgVi4Ze2jaJ2w%3D%3D&trackingId=OsYqsKwHuURHAQVQ9kIDPQ%3D%3D&position=7&pageNum=0&trk=public_jobs_jserp-result_search-card"
  },
  {
   "name": "Mid-Level Graphic Designer",
   "url": "https://www.linkedin.com/jobs/view/mid-level-graphic-designer-at-ana-luisa-3761475408?refId=6gw5xJUceIgVi4Ze2jaJ2w%3D%3D&trackingId=tS0kv%2FTCHFKhOx3pNnF3Sw%3D%3D&position=8&pageNum=0&trk=public_jobs_jserp-result_search-card"
  },
  {
   "name": "Junior Designer",
   "url": "https://www.linkedin.com/jobs/view/junior-designer-at-resonate-3760571237?refId=6gw5xJUceIgVi4Ze2jaJ2w%3D%3D&trackingId=KkYtFgmTxRobQlvFq%2BpFDg%3D%3D&position=9&pageNum=0&trk=public_jobs_jserp-result_search-card"
  },
  {
   "name": "Designer, Web Creative - Pottery Barn Teen",
   "url": "https://www.linkedin.com/jobs/view/designer-web-creative-pottery-barn-teen-at-pbteen-3752350912?refId=6gw5xJUceIgVi4Ze2jaJ2w%3D%3D&trackingId=c1QdvbI0OcymUg%2BWR7azfQ%3D%3D&position=10&pageNum=0&trk=public_jobs_jserp-result_search-card"
  },
  {
   "name": "Web Designer",
   "url": "https://www.linkedin.com/jobs/view/web-designer-at-twine-3774688605?refId=6gw5xJUceIgVi4Ze2jaJ2w%3D%3D&trackingId=o3n%2BhAmbfK3FTjURPsIr9A%3D%3D&position=11&pageNum=0&trk=public_jobs_jserp-result_search-card"
  },
  {
   "name": "Jr. Front End Developer - Wordpress",
   "url": "https://www.linkedin.com/jobs/view/jr-front-end-developer-wordpress-at-intellibright-3763026562?refId=6gw5xJUceIgVi4Ze2jaJ2w%3D%3D&trackingId=wgFhD5QRXETaiXEYyQfCFQ%3D%3D&position=12&pageNum=0&trk=public_jobs_jserp-result_search-card"
  },
  {
   "name": "Web Designer",
   "url": "https://www.linkedin.com/jobs/view/web-designer-at-champions-group-3771724679?refId=6gw5xJUceIgVi4Ze2jaJ2w%3D%3D&trackingId=Zqga9cEsa%2FxV7rtgq9G03g%3D%3D&position=13&pageNum=0&trk=public_jobs_jserp-result_search-card"
  },
  {
   "name": "Graphic Designer, GRAMMY Museum",
   "url": "https://www.linkedin.com/jobs/view/graphic-designer-grammy-museum-at-the-recording-academy-3766663423?refId=6gw5xJUceIgVi4Ze2jaJ2w%3D%3D&trackingId=RyjE5H4RQAp4YL5b6z03pw%3D%3D&position=14&pageNum=0&trk=public_jobs_jserp-result_search-card"
  },
  {
   "name": "Graphic Designer",
   "url": "https://www.linkedin.com/jobs/view/graphic-designer-at-eleven-recruiting-3768860806?refId=6gw5xJUceIgVi4Ze2jaJ2w%3D%3D&trackingId=gQuoEiBWcAifUkUf2zdsag%3D%3D&position=15&pageNum=0&trk=public_jobs_jserp-result_search-card"
  },
  {
   "name": "Jr. UI/UX Designer",
   "url": "https://www.linkedin.com/jobs/view/jr-ui-ux-designer-at-qwalifize-staffing-consulting-3759516291?refId=6gw5xJUceIgVi4Ze2jaJ2w%3D%3D&trackingId=AWHvguCcLYl5Wuvda6OVLA%3D%3D&position=16&pageNum=0&trk=public_jobs_jserp-result_search-card"
  },
  {
   "name": "Jr. Web Designer",
   "url": "https://www.linkedin.com/jobs/view/jr-web-designer-at-liberated-brands-3765390783?refId=6gw5xJUceIgVi4Ze2jaJ2w%3D%3D&trackingId=5zPXu7o6TtAdUED274lLNQ%3D%3D&position=17&pageNum=0&trk=public_jobs_jserp-result_search-card"
  },
  {
   "name": "Junior Graphic Designer (freelance)",
   "url": "https://www.linkedin.com/jobs/view/junior-graphic-designer-freelance-at-prowess-consulting-llc-3770641454?refId=6gw5xJUceIgVi4Ze2jaJ2w%3D%3D&trackingId=2XDEh3ctBYQzfUSjp8bVnQ%3D%3D&position=18&pageNum=0&trk=public_jobs_jserp-result_search-card"
  },
  {
   "name": "Visual Designer",
   "url": "https://www.linkedin.com/jobs/view/visual-designer-at-likemind-3765103676?refId=6gw5xJUceIgVi4Ze2jaJ2w%3D%3D&trackingId=5YZDDmx2G8UxTxuxtbgHVg%3D%3D&position=19&pageNum=0&trk=public_jobs_jserp-result_search-card"
  },
  {
   "name": "Graphic Designer / Web Design & Marketing",
   "url": "https://www.linkedin.com/jobs/view/graphic-designer-web-design-marketing-at-zgraph-3590300546?refId=6gw5xJUceIgVi4Ze2jaJ2w%3D%3D&trackingId=ZPcBA8Z6he4NVKIh71vqJw%3D%3D&position=20&pageNum=0&trk=public_jobs_jserp-result_search-card"
  },
  {
   "name": "Digital Designer",
   "url": "https://www.linkedin.com/jobs/view/digital-designer-at-shein-distribution-corporation-3771154641?refId=6gw5xJUceIgVi4Ze2jaJ2w%3D%3D&trackingId=Y8pQP5Beo1Esx3m3sZWp%2Fg%3D%3D&position=21&pageNum=0&trk=public_jobs_jserp-result_search-card"
  },
  {
   "name": "Web Designer",
   "url": "https://www.linkedin.com/jobs/view/web-designer-at-twine-3768783273?refId=6gw5xJUceIgVi4Ze2jaJ2w%3D%3D&trackingId=guAOn74h%2BA1l%2BbaERcWINQ%3D%3D&position=22&pageNum=0&trk=public_jobs_jserp-result_search-card"
  },
  {
   "name": "Marketing Designer",
   "url": "https://www.linkedin.com/jobs/view/marketing-designer-at-credit-karma-3764630675?refId=6gw5xJUceIgVi4Ze2jaJ2w%3D%3D&trackingId=B%2FWKWLdZDSF93jRFBzU6uw%3D%3D&position=23&pageNum=0&trk=public_jobs_jserp-result_search-card"
  },
  {
   "name": "Web Developer Intern",
   "url": "https://www.linkedin.com/jobs/view/web-developer-intern-at-eulerity-3755590644?refId=6gw5xJUceIgVi4Ze2jaJ2w%3D%3D&trackingId=MquJ9W%2FZlT39aO1K6hsHUQ%3D%3D&position=24&pageNum=0&trk=public_jobs_jserp-result_search-card"
  },
  {
   "name": "Web Graphic Designer",
   "url": "https://www.linkedin.com/jobs/view/web-graphic-designer-at-nation-security-3771689289?refId=6gw5xJUceIgVi4Ze2jaJ2w%3D%3D&trackingId=6IjzgY5pq8J%2Bn%2Bu80ObZGA%3D%3D&position=25&pageNum=0&trk=public_jobs_jserp-result_search-card"
  },
  {
   "name": "Graphic Designer",
   "url": "https://www.linkedin.com/jobs/view/graphic-designer-at-rhode-skin-3758246946?refId=6gw5xJUceIgVi4Ze2jaJ2w%3D%3D&trackingId=B%2B2iDdM9JS1NdcczvHEamA%3D%3D&trk=public_jobs_topcard-title",
   "level": "Entry level",
   "applicants": "Over 200 applicants",
   "time": "3 weeks ago"
  }
 ]
}