"Jobs_name","Jobs_url","Jobs_time","Jobs_applicants","Jobs_level"
"Jr. Software Developer","https://www.linkedin.com/jobs/view/jr-software-developer-at-sofi-stadium-and-hollywood-park-3758248663?refId=cgbNiHkuAONf%2FsYJ6x40rA%3D%3D&trackingId=eIzb9E99siBPDsqMcbC0Mw%3D%3D&position=1&pageNum=0&trk=public_jobs_jserp-result_search-card","","",""
"Jr. Software Developer","https://www.linkedin.com/jobs/view/jr-software-developer-at-nuarch-3745779743?refId=cgbNiHkuAONf%2FsYJ6x40rA%3D%3D&trackingId=O05drWVhKznEAWqYWKgocg%3D%3D&position=2&pageNum=0&trk=public_jobs_jserp-result_search-card","","",""
"Software Engineer – Early Career","https://www.linkedin.com/jobs/view/software-engineer-%E2%80%93-early-career-at-lockheed-martin-3746286426?refId=cgbNiHkuAONf%2FsYJ6x40rA%3D%3D&trackingId=E9cnxsdND2GBkkraqSE2GQ%3D%3D&position=3&pageNum=0&trk=public_jobs_jserp-result_search-card","","",""
"Software Engineer (New York City)","https://www.linkedin.com/jobs/view/software-engineer-new-york-city-at-january-3756438766?refId=cgbNiHkuAONf%2FsYJ6x40rA%3D%3D&trackingId=96daXSbEhfbtwNzc6hVrkA%3D%3D&position=4&pageNum=0&trk=public_jobs_jserp-result_search-card","","",""
"Software Engineer - Early Career","https://www.linkedin.com/jobs/view/software-engineer-early-career-at-lockheed-martin-3747572617?refId=cgbNiHkuAONf%2FsYJ6x40rA%3D%3D&trackingId=SKAQfScAkaZuGRagVUOjEQ%3D%3D&position=5&pageNum=0&trk=public_jobs_jserp-result_search-card","","",""
"Software Engineer - Entry Level","https://www.linkedin.com/jobs/view/software-engineer-entry-level-at-lockheed-martin-3734922280?refId=cgbNiHkuAONf%2FsYJ6x40rA%3D%3D&trackingId=rGhFGupNuir7qdAncMTU4A%3D%3D&position=6&pageNum=0&trk=public_jobs_jserp-result_search-card","","",""
"Software Engineer (Development)- Early Career","https://www.linkedin.com/jobs/view/software-engineer-development-early-career-at-lockheed-martin-3732561541?refId=cgbNiHkuAONf%2FsYJ6x40rA%3D%3D&trackingId=dCf8J%2FsGgFM5rT5%2FyyIPYg%3D%3D&position=7&pageNum=0&trk=public_jobs_jserp-result_search-card","","",""
"Software Engineer (Development)- Early Career","https://www.linkedin.com/jobs/view/software-engineer-development-early-career-at-lockheed-martin-3732558968?refId=cgbNiHkuAONf%2FsYJ6x40rA%3D%3D&trackingId=mVsfp%2F82d5ZU9l5C28F8tw%3D%3D&position=8&pageNum=0&trk=public_jobs_jserp-result_search-card","","",""
"Software Engineer Entry Level","https://www.linkedin.com/jobs/view/software-engineer-entry-level-at-lockheed-martin-3729079926?refId=cgbNiHkuAONf%2FsYJ6x40rA%3D%3D&trackingId=bw5EhTwkOKZslNSoTozNRw%3D%3D&position=9&pageNum=0&trk=public_jobs_jserp-result_search-card","","",""
"Graduate Software Developer","https://www.linkedin.com/jobs/view/graduate-software-developer-at-amber-resourcing-3753040087?refId=cgbNiHkuAONf%2FsYJ6x40rA%3D%3D&trackingId=NxVdrDKgqCyWq0Xh2H0XAg%3D%3D&position=10&pageNum=0&trk=public_jobs_jserp-result_search-card","","",""
"Software Engineer, 2024 New Grad","https://www.linkedin.com/jobs/view/software-engineer-2024-new-grad-at-loop-3740012345?refId=cgbNiHkuAONf%2FsYJ6x40rA%3D%3D&trackingId=cr6YVCTMRQe6AFPlc6NZ2g%3D%3D&position=11&pageNum=0&trk=public_jobs_jserp-result_search-card","","",""
"Jr. Software Engineer Trainee (Full-time Paid)","https://www.linkedin.com/jobs/view/jr-software-engineer-trainee-full-time-paid-at-crosscountry-mortgage-llc-3757133202?refId=cgbNiHkuAONf%2FsYJ6x40rA%3D%3D&trackingId=o0j91hd7hYijXM1BRVJMkA%3D%3D&position=12&pageNum=0&trk=public_jobs_jserp-result_search-card","","",""
"Software Developer - Junior/Entry Level","https://www.linkedin.com/jobs/view/software-developer-junior-entry-level-at-synergisticit-3748155187?refId=cgbNiHkuAONf%2FsYJ6x40rA%3D%3D&trackingId=IPd4Kn%2BeWEYo4nqgyFHMYw%3D%3D&position=13&pageNum=0&trk=public_jobs_jserp-result_search-card","","",""
"Junior/Entry Level Software Developer(Remote)","https://www.linkedin.com/jobs/view/junior-entry-level-software-developer-remote-at-synergisticit-3748150856?refId=cgbNiHkuAONf%2FsYJ6x40rA%3D%3D&trackingId=bB25YaMo1%2FntNQsbiy1AMA%3D%3D&position=14&pageNum=0&trk=public_jobs_jserp-result_search-card","","",""
"Software Engineer - Early Career","https://www.linkedin.com/jobs/view/software-engineer-early-career-at-lockheed-martin-3739453078?refId=cgbNiHkuAONf%2FsYJ6x40rA%3D%3D&trackingId=9z%2F3vny2Vsp%2F76zQo%2B71Ig%3D%3D&position=15&pageNum=0&trk=public_jobs_jserp-result_search-card","","",""
"Intern, Software Developer","https://www.linkedin.com/jobs/view/intern-software-developer-at-symphony-3754264666?refId=cgbNiHkuAONf%2FsYJ6x40rA%3D%3D&trackingId=CX7%2FhAYTWlPWmI7e%2B0lmfw%3D%3D&position=16&pageNum=0&trk=public_jobs_jserp-result_search-card","","",""
"Software Engineer-Early Career","https://www.linkedin.com/jobs/view/software-engineer-early-career-at-lockheed-martin-3728459379?refId=cgbNiHkuAONf%2FsYJ6x40rA%3D%3D&trackingId=jYOKzFODQ7kphF795PoRzg%3D%3D&position=17&pageNum=0&trk=public_jobs_jserp-result_search-card","","",""
"Web Developer Intern","https://www.linkedin.com/jobs/view/web-developer-intern-at-eulerity-3755590644?refId=cgbNiHkuAONf%2FsYJ6x40rA%3D%3D&trackingId=Mzj6pfNGPl82nNoNNrjMoQ%3D%3D&position=18&pageNum=0&trk=public_jobs_jserp-result_search-card","","",""
"Full Stack Engineer","https://www.linkedin.com/jobs/view/full-stack-engineer-at-wellsaid-labs-3757404381?refId=cgbNiHkuAONf%2FsYJ6x40rA%3D%3D&trackingId=s7uwJ1%2F1in15Amcvn%2BeCAA%3D%3D&position=19&pageNum=0&trk=public_jobs_jserp-result_search-card","","",""
"Software Developer, Junior - Remote | WFH","https://www.linkedin.com/jobs/view/software-developer-junior-remote-wfh-at-get-it-recruit-information-technology-3751677688?refId=cgbNiHkuAONf%2FsYJ6x40rA%3D%3D&trackingId=8hZZ1PGk%2FKk5%2FQ7qEoMCpg%3D%3D&position=20&pageNum=0&trk=public_jobs_jserp-result_search-card","","",""
"Full Stack Engineer","https://www.linkedin.com/jobs/view/full-stack-engineer-at-method-3754151936?refId=cgbNiHkuAONf%2FsYJ6x40rA%3D%3D&trackingId=uFW6eS%2FfkPIFAnHEGilADQ%3D%3D&position=21&pageNum=0&trk=public_jobs_jserp-result_search-card","","",""
"Software Engineer - Early Career","https://www.linkedin.com/jobs/view/software-engineer-early-career-at-lockheed-martin-3746280977?refId=cgbNiHkuAONf%2FsYJ6x40rA%3D%3D&trackingId=b%2F60VSCWhLYjPTMA6FhRmQ%3D%3D&position=22&pageNum=0&trk=public_jobs_jserp-result_search-card","","",""
"Software Engineer - Entry Level","https://www.linkedin.com/jobs/view/software-engineer-entry-level-at-latitude-inc-3759812593?refId=cgbNiHkuAONf%2FsYJ6x40rA%3D%3D&trackingId=1pCFThO%2FWREZ6Dhc9HWl4Q%3D%3D&position=23&pageNum=0&trk=public_jobs_jserp-result_search-card","","",""
"Software Engineer","https://www.linkedin.com/jobs/view/software-engineer-at-paramount%2B-3736296796?refId=cgbNiHkuAONf%2FsYJ6x40rA%3D%3D&trackingId=DjlX4rIY2nwAk8dbmzSnsA%3D%3D&position=24&pageNum=0&trk=public_jobs_jserp-result_search-card","","",""
"Software Engineer - Early Career","https://www.linkedin.com/jobs/view/software-engineer-early-career-at-lockheed-martin-3746285641?refId=cgbNiHkuAONf%2FsYJ6x40rA%3D%3D&trackingId=m0xJtphOBHNctidOLiYWzA%3D%3D&position=25&pageNum=0&trk=public_jobs_jserp-result_search-card","","",""
"Senior Site Reliability Engineer - US / Canada","https://www.linkedin.com/jobs/view/senior-site-reliability-engineer-us-canada-at-dnsfilter-3745675418?trk=public_jobs_topcard-title","1 week ago","Over 200 applicants","Mid-Senior level"