{
 "Job": [
  {
   "name": "Succession Planning Advisor",
   "url": "https://www.linkedin.com/jobs/view/succession-planning-advisor-at-acs-consultancy-services-inc-3759301396?refId=gyMI1AwGifb5piRi8LXvSQ%3D%3D&trackingId=p8hd0UT4L6V7t64XwlD23Q%3D%3D&position=1&pageNum=0&trk=public_jobs_jserp-result_search-card"
  },
  {
   "name": "Employee Engagement Specialist",
   "url": "https://www.linkedin.com/jobs/view/employee-engagement-specialist-at-the-fountain-group-3768056335?refId=gyMI1AwGifb5piRi8LXvSQ%3D%3D&trackingId=V%2B3xBa8gDcIq0BbUpVxp%2BQ%3D%3D&position=2&pageNum=0&trk=public_jobs_jserp-result_search-card"
  },
  {
   "name": "Employee Success Partner",
   "url": "https://www.linkedin.com/jobs/view/employee-success-partner-at-bay-air-systems-3762583325?refId=gyMI1AwGifb5piRi8LXvSQ%3D%3D&trackingId=ptg0k%2F8fNqZ6ctFaB%2Fdzeg%3D%3D&position=3&pageNum=0&trk=public_jobs_jserp-result_search-card"
  },
  {
   "name": "HR Generalist ( Hybrid / Remote )",
   "url": "https://www.linkedin.com/jobs/view/hr-generalist-hybrid-remote-at-pulitzer-center-3774499226?refId=gyMI1AwGifb5piRi8LXvSQ%3D%3D&trackingId=1lGRiz7pr04JMyJnoD6XBA%3D%3D&position=4&pageNum=0&trk=public_jobs_jserp-result_search-card"
  },
  {
   "name": "Learning and Development Specialist",
   "url": "https://www.linkedin.com/jobs/view/learning-and-development-specialist-at-neighborhood-credit-union-3774503776?refId=gyMI1AwGifb5piRi8LXvSQ%3D%3D&trackingId=xZoYmApkG9GBALat6J84UQ%3D%3D&position=5&pageNum=0&trk=public_jobs_jserp-result_search-card"
  },
  {
   "name": "Generalist, People & Culture",
   "url": "https://www.linkedin.com/jobs/view/generalist-people-culture-at-beam-living-3757569508?refId=gyMI1AwGifb5piRi8LXvSQ%3D%3D&trackingId=cUZ5vWO38D4cEN4g3%2F6nXg%3D%3D&position=6&pageNum=0&trk=public_jobs_jserp-result_search-card"
  },
  {
   "name": "People & Culture Business Partner - Austin, TX",
   "url": "https://www.linkedin.com/jobs/view/people-culture-business-partner-austin-tx-at-roller-3760910127?refId=gyMI1AwGifb5piRi8LXvSQ%3D%3D&trackingId=WtvgmQenwVe%2B1CFwXmTSAQ%3D%3D&position=7&pageNum=0&trk=public_jobs_jserp-result_search-card"
  },
  {
   "name": "Employee Engagement Manager",
   "url": "https://www.linkedin.com/jobs/view/employee-engagement-manager-at-hermeus-3745699630?refId=gyMI1AwGifb5piRi8LXvSQ%3D%3D&trackingId=JNgaDj8LYPR8d04BPAcCuA%3D%3D&position=8&pageNum=0&trk=public_jobs_jserp-result_search-card"
  },
  {
   "name": "Manager, People Experience",
   "url": "https://www.linkedin.com/jobs/view/manager-people-experience-at-sol-de-janeiro-3731683086?refId=gyMI1AwGifb5piRi8LXvSQ%3D%3D&trackingId=QqAMoNzKa456P2sipsLxQA%3D%3D&position=9&pageNum=0&trk=public_jobs_jserp-result_search-card"
  },
  {
   "name": "People Partner",
   "url": "https://www.linkedin.com/jobs/view/people-partner-at-habyt-3760776274?refId=gyMI1AwGifb5piRi8LXvSQ%3D%3D&trackingId=BfH1z1NKXSw79oljbnx9Aw%3D%3D&position=10&pageNum=0&trk=public_jobs_jserp-result_search-card"
  },
  {
   "name": "Director of Employee Experience",
   "url": "https://www.linkedin.com/jobs/view/director-of-employee-experience-at-fcb-new-york-3766358635?refId=gyMI1AwGifb5piRi8LXvSQ%3D%3D&trackingId=A%2FMOqjJPAcN8Vu4Ni2Ac0g%3D%3D&position=11&pageNum=0&trk=public_jobs_jserp-result_search-card"
  },
  {
   "name": "Benefits and Leave Specialist",
   "url": "https://www.linkedin.com/jobs/view/benefits-and-leave-specialist-at-restaurant365-3752355139?refId=gyMI1AwGifb5piRi8LXvSQ%3D%3D&trackingId=WPW2s56EFuKvYpH%2Bg7xX%2BA%3D%3D&position=12&pageNum=0&trk=public_jobs_jserp-result_search-card"
  },
  {
   "name": "Employee Engagement Specialist",
   "url": "https://www.linkedin.com/jobs/view/employee-engagement-specialist-at-homebridge-inc-3772400712?refId=gyMI1AwGifb5piRi8LXvSQ%3D%3D&trackingId=8B5J3I5KPmvvMnzEajD65A%3D%3D&position=13&pageNum=0&trk=public_jobs_jserp-result_search-card"
  },
  {
   "name": "HR Operations Partner (Blockchain)",
   "url": "https://www.linkedin.com/jobs/view/hr-operations-partner-blockchain-at-cryptorecruit-3756823090?refId=gyMI1AwGifb5piRi8LXvSQ%3D%3D&trackingId=JDuIf2tSt6DSIxWK%2FvCJDQ%3D%3D&position=14&pageNum=0&trk=public_jobs_jserp-result_search-card"
  },
  {
   "name": "HR Business Partner",
   "url": "https://www.linkedin.com/jobs/view/hr-business-partner-at-lockheed-martin-3772379425?refId=gyMI1AwGifb5piRi8LXvSQ%3D%3D&trackingId=oggwUym%2FBm59hU14ZEfoJA%3D%3D&position=15&pageNum=0&trk=public_jobs_jserp-result_search-card"
  },
  {
   "name": "Manager Benefits Administration",
   "url": "https://www.linkedin.com/jobs/view/manager-benefits-administration-at-the-home-depot-3760258157?refId=gyMI1AwGifb5piRi8LXvSQ%3D%3D&trackingId=B1LsY%2BtF675%2FgFVxXppKcg%3D%3D&position=16&pageNum=0&trk=public_jobs_jserp-result_search-card"
  },
  {
   "name": "Director Employee Experience",
   "url": "https://www.linkedin.com/jobs/view/director-employee-experience-at-new-york-blood-center-3757941709?refId=gyMI1AwGifb5piRi8LXvSQ%3D%3D&trackingId=PaNs0ES9idlTSrSvElX02A%3D%3D&position=17&pageNum=0&trk=public_jobs_jserp-result_search-card"
  },
  {
   "name": "Employee Relations Specialist",
   "url": "https://www.linkedin.com/jobs/view/employee-relations-specialist-at-help-at-home-3760334033?refId=gyMI1AwGifb5piRi8LXvSQ%3D%3D&trackingId=1tTAIVsEUdPC0dlTOcHYRw%3D%3D&position=18&pageNum=0&trk=public_jobs_jserp-result_search-card"
  },
  {
   "name": "Human Resources Generalist",
   "url": "https://www.linkedin.com/jobs/view/human-resources-generalist-at-outside-van-3763559376?refId=gyMI1AwGifb5piRi8LXvSQ%3D%3D&trackingId=XDSzo0OU57rRumnShgtRrA%3D%3D&position=19&pageNum=0&trk=public_jobs_jserp-result_search-card"
  },
  {
   "name": "People & Culture Partner (HR Generalist Contract)",
   "url": "https://www.linkedin.com/jobs/view/people-culture-partner-hr-generalist-contract-at-scorpion-therapeutics-3768447929?refId=gyMI1AwGifb5piRi8LXvSQ%3D%3D&trackingId=Q2tdgD1oPwpcbpo8umOYdw%3D%3D&position=20&pageNum=0&trk=public_jobs_jserp-result_search-card"
  },
  {
   "name": "Human Resources Business Partner, COSI (Pittsburgh, PA - Hybrid)",
   "url": "https://www.linkedin.com/jobs/view/human-resources-business-partner-cosi-pittsburgh-pa-hybrid-at-chicken-of-the-sea-3771396875?refId=gyMI1AwGifb5piRi8LXvSQ%3D%3D&trackingId=sEvV0d%2F25P%2FIX%2Bj%2BWmr%2BDA%3D%3D&position=21&pageNum=0&trk=public_jobs_jserp-result_search-card"
  },
  {
   "name": "Human Resources Business Partner (Hybrid)",
   "url": "https://www.linkedin.com/jobs/view/human-resources-business-partner-hybrid-at-stone-alliance-group-3745544994?refId=gyMI1AwGifb5piRi8LXvSQ%3D%3D&trackingId=yq742kUHlZL9mD0YCvSJvA%3D%3D&position=22&pageNum=0&trk=public_jobs_jserp-result_search-card"
  },
  {
   "name": "People Operations Generalist",
   "url": "https://www.linkedin.com/jobs/view/people-operations-generalist-at-smithrx-3761256431?refId=gyMI1AwGifb5piRi8LXvSQ%3D%3D&trackingId=MEaE2IA94eDnwKWAtjnHJA%3D%3D&position=23&pageNum=0&trk=public_jobs_jserp-result_search-card"
  },
  {
   "name": "Sr. People & Culture Business Partner",
   "url": "https://www.linkedin.com/jobs/view/sr-people-culture-business-partner-at-somalogic-3727927936?refId=gyMI1AwGifb5piRi8LXvSQ%3D%3D&trackingId=BSA8C4KTj7UqzKSmhRJ%2BVg%3D%3D&position=24&pageNum=0&trk=public_jobs_jserp-result_search-card"
  },
  {
   "name": "Employee Engagement & Wellbeing Specialist - Central",
   "url": "https://www.linkedin.com/jobs/view/employee-engagement-wellbeing-specialist-central-at-professional-diversity-network-3775538210?refId=gyMI1AwGifb5piRi8LXvSQ%3D%3D&trackingId=ZITH%2BVtyQu4egbzyQBw%2BGg%3D%3D&position=25&pageNum=0&trk=public_jobs_jserp-result_search-card"
  },
  {
   "name": "Succession Planning Advisor",
   "url": "https://www.linkedin.com/jobs/view/succession-planning-advisor-at-acs-consultancy-services-inc-3759301396?refId=gyMI1AwGifb5piRi8LXvSQ%3D%3D&trackingId=p8hd0UT4L6V7t64XwlD23Q%3D%3D&trk=public_jobs_topcard-title",
   "level": "Mid-Senior level",
   "applicants": "51 applicants",
   "time": "3 weeks ago"
  }
 ]
}