{
 "Job": [
  {
   "name": "Manager, Demand Planning",
   "url": "https://www.linkedin.com/jobs/view/manager-demand-planning-at-harry-winston-3775581108?refId=N126lCoBfSa%2Fjs6uwLCoww%3D%3D&trackingId=c64no82BiHKWWObgOUKZzg%3D%3D&position=1&pageNum=0&trk=public_jobs_jserp-result_search-card"
  },
  {
   "name": "Vice President, Strategic Business Planning",
   "url": "https://www.linkedin.com/jobs/view/vice-president-strategic-business-planning-at-dairy-management-inc-3750298709?refId=N126lCoBfSa%2Fjs6uwLCoww%3D%3D&trackingId=HAQetPUuBWgNOQpNTd%2BuSQ%3D%3D&position=2&pageNum=0&trk=public_jobs_jserp-result_search-card"
  },
  {
   "name": "Business Planning Analyst (Starlink)",
   "url": "https://www.linkedin.com/jobs/view/business-planning-analyst-starlink-at-spacex-3711770591?refId=N126lCoBfSa%2Fjs6uwLCoww%3D%3D&trackingId=7FySWVU%2BKXEUHPDNeMl1QA%3D%3D&position=3&pageNum=0&trk=public_jobs_jserp-result_search-card"
  },
  {
   "name": "Director, Business Planning & Implementation",
   "url": "https://www.linkedin.com/jobs/view/director-business-planning-implementation-at-los-angeles-tourism-convention-board-3761839988?refId=N126lCoBfSa%2Fjs6uwLCoww%3D%3D&trackingId=YF6HeQ446dDUV4NQnWBb5A%3D%3D&position=4&pageNum=0&trk=public_jobs_jserp-result_search-card"
  },
  {
   "name": "Manager, Forecasting and Analytics",
   "url": "https://www.linkedin.com/jobs/view/manager-forecasting-and-analytics-at-legend-biotech-3775284547?refId=N126lCoBfSa%2Fjs6uwLCoww%3D%3D&trackingId=lAbFlnoQpq6mE%2FoegGykiw%3D%3D&position=5&pageNum=0&trk=public_jobs_jserp-result_search-card"
  },
  {
   "name": "Salesforce Business Analyst",
   "url": "https://www.linkedin.com/jobs/view/salesforce-business-analyst-at-roku-inc-3773869538?refId=N126lCoBfSa%2Fjs6uwLCoww%3D%3D&trackingId=94zUKo%2FQhqVWJSPUK89ikQ%3D%3D&position=6&pageNum=0&trk=public_jobs_jserp-result_search-card"
  },
  {
   "name": "Consumer Insights Manager",
   "url": "https://www.linkedin.com/jobs/view/consumer-insights-manager-at-roku-inc-3773866396?refId=N126lCoBfSa%2Fjs6uwLCoww%3D%3D&trackingId=MNWg3kYR3HzWxtloquGhnA%3D%3D&position=7&pageNum=0&trk=public_jobs_jserp-result_search-card"
  },
  {
   "name": "Sr. Manager, Retail Operations",
   "url": "https://www.linkedin.com/jobs/view/sr-manager-retail-operations-at-jimmy-choo-3775657733?refId=N126lCoBfSa%2Fjs6uwLCoww%3D%3D&trackingId=QpRuLUcwC3G3vvmV%2BsJ%2B0g%3D%3D&position=8&pageNum=0&trk=public_jobs_jserp-result_search-card"
  },
  {
   "name": "Regional Manager - Central Florida",
   "url": "https://www.linkedin.com/jobs/view/regional-manager-central-florida-at-immaculate-flight-3773482496?refId=N126lCoBfSa%2Fjs6uwLCoww%3D%3D&trackingId=Q0nBPt%2BovkdOaMXAwemW1Q%3D%3D&position=9&pageNum=0&trk=public_jobs_jserp-result_search-card"
  },
  {
   "name": "Consumer Insights Manager",
   "url": "https://www.linkedin.com/jobs/view/consumer-insights-manager-at-roku-inc-3773868257?refId=N126lCoBfSa%2Fjs6uwLCoww%3D%3D&trackingId=fpGVcXhGrDZ6c1n1HUOgYg%3D%3D&position=10&pageNum=0&trk=public_jobs_jserp-result_search-card"
  },
  {
   "name": "Store Planning Coordinator",
   "url": "https://www.linkedin.com/jobs/view/store-planning-coordinator-at-serena-lily-3773855962?refId=N126lCoBfSa%2Fjs6uwLCoww%3D%3D&trackingId=aDorXUEagRPVJ3Qpfh3Pmw%3D%3D&position=11&pageNum=0&trk=public_jobs_jserp-result_search-card"
  },
  {
   "name": "Consumer Insights Manager",
   "url": "https://www.linkedin.com/jobs/view/consumer-insights-manager-at-roku-inc-3773865553?refId=N126lCoBfSa%2Fjs6uwLCoww%3D%3D&trackingId=Azf5T8twhssWK9XGyccdnA%3D%3D&position=12&pageNum=0&trk=public_jobs_jserp-result_search-card"
  },
  {
   "name": "Director, Financial Planning & Analysis",
   "url": "https://www.linkedin.com/jobs/view/director-financial-planning-analysis-at-witricity-3774976298?refId=N126lCoBfSa%2Fjs6uwLCoww%3D%3D&trackingId=T5IHYvkP3GT8dWTkK9sEig%3D%3D&position=13&pageNum=0&trk=public_jobs_jserp-result_search-card"
  },
  {
   "name": "Manager, US Forecasting - Specialty Business Unit",
   "url": "https://www.linkedin.com/jobs/view/manager-us-forecasting-specialty-business-unit-at-biogen-3775112114?refId=N126lCoBfSa%2Fjs6uwLCoww%3D%3D&trackingId=DG8FQT18Dzd41R7vZrhPVQ%3D%3D&position=14&pageNum=0&trk=public_jobs_jserp-result_search-card"
  },
  {
   "name": "IT Strategic Planning Business Analyst (100% Remote)",
   "url": "https://www.linkedin.com/jobs/view/it-strategic-planning-business-analyst-100%25-remote-at-citizant-3772679667?refId=N126lCoBfSa%2Fjs6uwLCoww%3D%3D&trackingId=m%2BNyTegXgaGFB%2FU%2BCXEuBg%3D%3D&position=15&pageNum=0&trk=public_jobs_jserp-result_search-card"
  },
  {
   "name": "Senior Manager, Sales Planning & Analysis",
   "url": "https://www.linkedin.com/jobs/view/senior-manager-sales-planning-analysis-at-topgolf-3774001182?refId=N126lCoBfSa%2Fjs6uwLCoww%3D%3D&trackingId=JPIvACkpv0SpdAU7ZbVskw%3D%3D&position=16&pageNum=0&trk=public_jobs_jserp-result_search-card"
  },
  {
   "name": "Associate Implementation Business Analyst",
   "url": "https://www.linkedin.com/jobs/view/associate-implementation-business-analyst-at-billtrust-3773893155?refId=N126lCoBfSa%2Fjs6uwLCoww%3D%3D&trackingId=XDXS9tqAhe%2BOSy8JdXhg0Q%3D%3D&position=17&pageNum=0&trk=public_jobs_jserp-result_search-card"
  },
  {
   "name": "Business Intelligence Analyst",
   "url": "https://www.linkedin.com/jobs/view/business-intelligence-analyst-at-congo-brands-3775136897?refId=N126lCoBfSa%2Fjs6uwLCoww%3D%3D&trackingId=6IBk6vCDXgFUgbiD%2BRh2hQ%3D%3D&position=18&pageNum=0&trk=public_jobs_jserp-result_search-card"
  },
  {
   "name": "Business Consultant - Entry Level",
   "url": "https://www.linkedin.com/jobs/view/business-consultant-entry-level-at-mela-group-inc-3774686897?refId=N126lCoBfSa%2Fjs6uwLCoww%3D%3D&trackingId=h4MEOWLc0%2FYlVxS0dNOcDw%3D%3D&position=19&pageNum=0&trk=public_jobs_jserp-result_search-card"
  },
  {
   "name": "Manager, Forecasting",
   "url": "https://www.linkedin.com/jobs/view/manager-forecasting-at-genpact-3772676121?refId=N126lCoBfSa%2Fjs6uwLCoww%3D%3D&trackingId=wp5j2MC7kDPBLwOESTaaeg%3D%3D&position=20&pageNum=0&trk=public_jobs_jserp-result_search-card"
  },
  {
   "name": "Financial Planning & Reporting Specialist - Insurance",
   "url": "https://www.linkedin.com/jobs/view/financial-planning-reporting-specialist-insurance-at-volkswagen-of-america-inc-3774972039?refId=N126lCoBfSa%2Fjs6uwLCoww%3D%3D&trackingId=KveS00Ok0hP3FDgRvwKbkQ%3D%3D&position=21&pageNum=0&trk=public_jobs_jserp-result_search-card"
  },
  {
   "name": "Business Planning Analyst",
   "url": "https://www.linkedin.com/jobs/view/business-planning-analyst-at-veear-projects-inc-3731088525?refId=N126lCoBfSa%2Fjs6uwLCoww%3D%3D&trackingId=ev4SCkIktfh8rxWisAbBpQ%3D%3D&position=22&pageNum=0&trk=public_jobs_jserp-result_search-card"
  },
  {
   "name": "Business Planning Lead",
   "url": "https://www.linkedin.com/jobs/view/business-planning-lead-at-honda-of-america-mfg-inc-3718513218?refId=N126lCoBfSa%2Fjs6uwLCoww%3D%3D&trackingId=9a63sMo4lxyRUpQndT%2BA3w%3D%3D&position=23&pageNum=0&trk=public_jobs_jserp-result_search-card"
  },
  {
   "name": "Business Planning Lead",
   "url": "https://www.linkedin.com/jobs/view/business-planning-lead-at-american-honda-motor-company-inc-3718497016?refId=N126lCoBfSa%2Fjs6uwLCoww%3D%3D&trackingId=Ih081sSG1R38%2BC%2B7NJU47A%3D%3D&position=24&pageNum=0&trk=public_jobs_jserp-result_search-card"
  },
  {
   "name": "Technical Business Analyst",
   "url": "https://www.linkedin.com/jobs/view/technical-business-analyst-at-unified-3772693156?refId=N126lCoBfSa%2Fjs6uwLCoww%3D%3D&trackingId=szY%2Fz2fH6i1UugarNtGDtw%3D%3D&position=25&pageNum=0&trk=public_jobs_jserp-result_search-card"
  },
  {
   "name": "Manager, Demand Planning",
   "url": "https://www.linkedin.com/jobs/view/manager-demand-planning-at-harry-winston-3775581108?refId=N126lCoBfSa%2Fjs6uwLCoww%3D%3D&trackingId=c64no82BiHKWWObgOUKZzg%3D%3D&trk=public_jobs_topcard-title",
   "level": "Mid-Senior level",
   "applicants": "72 applicants",
   "time": "4 hours ago"
  }
 ]
}