{
 "Job": [
  {
   "name": "Business Development Representative",
   "url": "https://www.linkedin.com/jobs/view/business-development-representative-at-unitrust-financial-group-3766061111?refId=4U9xPwA4tJFkokVUrOqjew%3D%3D&trackingId=11nNNEIRVyO9yq1YJWMjcg%3D%3D&position=1&pageNum=0&trk=public_jobs_jserp-result_search-card"
  },
  {
   "name": "Vice President Business Development – Senior Living (TX)",
   "url": "https://www.linkedin.com/jobs/view/vice-president-business-development-%E2%80%93-senior-living-tx-at-nexdine-hospitality-3741124661?refId=4U9xPwA4tJFkokVUrOqjew%3D%3D&trackingId=9%2BxaIxYkx04tmGD%2FcNoc2g%3D%3D&position=2&pageNum=0&trk=public_jobs_jserp-result_search-card"
  },
  {
   "name": "Strategy and Business Development Associate",
   "url": "https://www.linkedin.com/jobs/view/strategy-and-business-development-associate-at-atlanta-life-insurance-company-3669572867?refId=4U9xPwA4tJFkokVUrOqjew%3D%3D&trackingId=3shTUU3l18EtaFmplThSWw%3D%3D&position=3&pageNum=0&trk=public_jobs_jserp-result_search-card"
  },
  {
   "name": "Business Development Representative",
   "url": "https://www.linkedin.com/jobs/view/business-development-representative-at-unitrust-financial-group-3766029986?refId=4U9xPwA4tJFkokVUrOqjew%3D%3D&trackingId=kNLoC%2FCDKadNTxoJVF3zLg%3D%3D&position=4&pageNum=0&trk=public_jobs_jserp-result_search-card"
  },
  {
   "name": "Senior Director, Business Development",
   "url": "https://www.linkedin.com/jobs/view/senior-director-business-development-at-rokt-3694029161?refId=4U9xPwA4tJFkokVUrOqjew%3D%3D&trackingId=6eBb4gcIByRTTUVoz%2FYfYQ%3D%3D&position=5&pageNum=0&trk=public_jobs_jserp-result_search-card"
  },
  {
   "name": "Business Development Team Lead",
   "url": "https://www.linkedin.com/jobs/view/business-development-team-lead-at-leap-legal-software-uk-3755340307?refId=4U9xPwA4tJFkokVUrOqjew%3D%3D&trackingId=R9TohpZWZq6HVhqOO4IDSQ%3D%3D&position=6&pageNum=0&trk=public_jobs_jserp-result_search-card"
  },
  {
   "name": "Business Development",
   "url": "https://www.linkedin.com/jobs/view/business-development-at-dfw-brands-3771217952?refId=4U9xPwA4tJFkokVUrOqjew%3D%3D&trackingId=7cfyY8RvujN2VpwsYA6StA%3D%3D&position=7&pageNum=0&trk=public_jobs_jserp-result_search-card"
  },
  {
   "name": "Business Development Representative",
   "url": "https://www.linkedin.com/jobs/view/business-development-representative-at-unitrust-financial-group-3766036118?refId=4U9xPwA4tJFkokVUrOqjew%3D%3D&trackingId=0k%2BHeADadwxIYw6EHAlGxQ%3D%3D&position=8&pageNum=0&trk=public_jobs_jserp-result_search-card"
  },
  {
   "name": "Vice President of Business Development",
   "url": "https://www.linkedin.com/jobs/view/vice-president-of-business-development-at-6-degrees-health-dx-3765388129?refId=4U9xPwA4tJFkokVUrOqjew%3D%3D&trackingId=kbkHJ8jXVF84d1GYEUUO8g%3D%3D&position=9&pageNum=0&trk=public_jobs_jserp-result_search-card"
  },
  {
   "name": "Business Development Representative",
   "url": "https://www.linkedin.com/jobs/view/business-development-representative-at-unitrust-financial-group-3766057488?refId=4U9xPwA4tJFkokVUrOqjew%3D%3D&trackingId=jCvFBThJz%2FpH%2B%2FZeeI10%2BQ%3D%3D&position=10&pageNum=0&trk=public_jobs_jserp-result_search-card"
  },
  {
   "name": "Vice President of Business Development",
   "url": "https://www.linkedin.com/jobs/view/vice-president-of-business-development-at-g-con-3748268657?refId=4U9xPwA4tJFkokVUrOqjew%3D%3D&trackingId=YRLEn10MPqG9lTxRTBCMiA%3D%3D&position=11&pageNum=0&trk=public_jobs_jserp-result_search-card"
  },
  {
   "name": "Business Development Specialist (Saudi Arabia)",
   "url": "https://www.linkedin.com/jobs/view/business-development-specialist-saudi-arabia-at-eram-talent-3695777514?refId=4U9xPwA4tJFkokVUrOqjew%3D%3D&trackingId=kHV2TokbAWVXlHcjbSXB9A%3D%3D&position=12&pageNum=0&trk=public_jobs_jserp-result_search-card"
  },
  {
   "name": "Business Development Manager",
   "url": "https://www.linkedin.com/jobs/view/business-development-manager-at-h2-talent-3733096246?refId=4U9xPwA4tJFkokVUrOqjew%3D%3D&trackingId=iCU%2FArcv5BNlvQn2sc3aYA%3D%3D&position=13&pageNum=0&trk=public_jobs_jserp-result_search-card"
  },
  {
   "name": "Business Development Manager",
   "url": "https://www.linkedin.com/jobs/view/business-development-manager-at-fooda-3617684343?refId=4U9xPwA4tJFkokVUrOqjew%3D%3D&trackingId=1LEUCw%2FWcpIT%2Ffw2aVlbUQ%3D%3D&position=14&pageNum=0&trk=public_jobs_jserp-result_search-card"
  },
  {
   "name": "Business Development Associate",
   "url": "https://www.linkedin.com/jobs/view/business-development-associate-at-probably-genetic-3771894975?refId=4U9xPwA4tJFkokVUrOqjew%3D%3D&trackingId=cchPVIlNgEthCMx5rLKhqg%3D%3D&position=15&pageNum=0&trk=public_jobs_jserp-result_search-card"
  },
  {
   "name": "Business Development Representative",
   "url": "https://www.linkedin.com/jobs/view/business-development-representative-at-unitrust-financial-group-3766312803?refId=4U9xPwA4tJFkokVUrOqjew%3D%3D&trackingId=QBwxk6Y%2Fi63KmX4TU1rbhA%3D%3D&position=16&pageNum=0&trk=public_jobs_jserp-result_search-card"
  },
  {
   "name": "Director Business Development - TN/AL",
   "url": "https://www.linkedin.com/jobs/view/director-business-development-tn-al-at-osmose-3762495151?refId=4U9xPwA4tJFkokVUrOqjew%3D%3D&trackingId=%2B4iu7S2oFP8pe8jHAkKFOg%3D%3D&position=17&pageNum=0&trk=public_jobs_jserp-result_search-card"
  },
  {
   "name": "Business Development Manager",
   "url": "https://www.linkedin.com/jobs/view/business-development-manager-at-pearpop-3768811054?refId=4U9xPwA4tJFkokVUrOqjew%3D%3D&trackingId=KkuPVWl%2BtKG7374y7mr9xg%3D%3D&position=18&pageNum=0&trk=public_jobs_jserp-result_search-card"
  },
  {
   "name": "Director of Business Development",
   "url": "https://www.linkedin.com/jobs/view/director-of-business-development-at-ck-group-3766060279?refId=4U9xPwA4tJFkokVUrOqjew%3D%3D&trackingId=VthmiJkPTmat9S9pmhisoA%3D%3D&position=19&pageNum=0&trk=public_jobs_jserp-result_search-card"
  },
  {
   "name": "Business Development Associate",
   "url": "https://www.linkedin.com/jobs/view/business-development-associate-at-ite-management-3768806006?refId=4U9xPwA4tJFkokVUrOqjew%3D%3D&trackingId=ECgWGihFkOGX7cksrMNU9A%3D%3D&position=20&pageNum=0&trk=public_jobs_jserp-result_search-card"
  },
  {
   "name": "Director of Business Development",
   "url": "https://www.linkedin.com/jobs/view/director-of-business-development-at-shein-distribution-corporation-3774448896?refId=4U9xPwA4tJFkokVUrOqjew%3D%3D&trackingId=X04Sj1yGmc0vErwO8HAiNw%3D%3D&position=21&pageNum=0&trk=public_jobs_jserp-result_search-card"
  },
  {
   "name": "Business Development Manager",
   "url": "https://www.linkedin.com/jobs/view/business-development-manager-at-prs-3738399804?refId=4U9xPwA4tJFkokVUrOqjew%3D%3D&trackingId=cDryNYs0QVqdDzjD%2FY33xA%3D%3D&position=22&pageNum=0&trk=public_jobs_jserp-result_search-card"
  },
  {
   "name": "Business Development Manager",
   "url": "https://www.linkedin.com/jobs/view/business-development-manager-at-fooda-3721961002?refId=4U9xPwA4tJFkokVUrOqjew%3D%3D&trackingId=tOgTmD%2FOv7lw%2Bvb941e%2FZA%3D%3D&position=23&pageNum=0&trk=public_jobs_jserp-result_search-card"
  },
  {
   "name": "Business Development Representative",
   "url": "https://www.linkedin.com/jobs/view/business-development-representative-at-unitrust-financial-group-3766027464?refId=4U9xPwA4tJFkokVUrOqjew%3D%3D&trackingId=2eWJHinokxJhs9%2FJRD1hTg%3D%3D&position=24&pageNum=0&trk=public_jobs_jserp-result_search-card"
  },
  {
   "name": "Business Development Manager",
   "url": "https://www.linkedin.com/jobs/view/business-development-manager-at-prs-3724927734?refId=4U9xPwA4tJFkokVUrOqjew%3D%3D&trackingId=zL%2BpuYf2lCRr9hAMaCGSCg%3D%3D&position=25&pageNum=0&trk=public_jobs_jserp-result_search-card"
  },
  {
   "name": "Business Development Representative",
   "url": "https://www.linkedin.com/jobs/view/business-development-representative-at-unitrust-financial-group-3766061111?refId=4U9xPwA4tJFkokVUrOqjew%3D%3D&trackingId=11nNNEIRVyO9yq1YJWMjcg%3D%3D&trk=public_jobs_topcard-title",
   "level": "Entry level",
   "applicants": "Be among the first 25 applicants",
   "time": "1 week ago"
  }
 ]
}