"Jobs_name","Jobs_url","Jobs_time","Jobs_applicants","Jobs_level"
"Jr. Software Developer","https://www.linkedin.com/jobs/view/jr-software-developer-at-sofi-stadium-and-hollywood-park-3758248663?refId=geAfll8BThr0lygiyjai7A%3D%3D&trackingId=nbbVHYJDzoe2PIo3oTbAFw%3D%3D&position=1&pageNum=0&trk=public_jobs_jserp-result_search-card","","",""
"Jr. Software Developer","https://www.linkedin.com/jobs/view/jr-software-developer-at-nuarch-3745779743?refId=geAfll8BThr0lygiyjai7A%3D%3D&trackingId=Mz7cqFiAxe13aUYzGYemNg%3D%3D&position=2&pageNum=0&trk=public_jobs_jserp-result_search-card","","",""
"Software Engineer – Early Career","https://www.linkedin.com/jobs/view/software-engineer-%E2%80%93-early-career-at-lockheed-martin-3746286426?refId=geAfll8BThr0lygiyjai7A%3D%3D&trackingId=JpGJy%2Fd98JQMj0LEri4cPw%3D%3D&position=3&pageNum=0&trk=public_jobs_jserp-result_search-card","","",""
"Software Engineer (New York City)","https://www.linkedin.com/jobs/view/software-engineer-new-york-city-at-january-3756438766?refId=geAfll8BThr0lygiyjai7A%3D%3D&trackingId=eAyMN6ZIHZeI6UlODg%2Ffwg%3D%3D&position=4&pageNum=0&trk=public_jobs_jserp-result_search-card","","",""
"Software Engineer - Early Career","https://www.linkedin.com/jobs/view/software-engineer-early-career-at-lockheed-martin-3747572617?refId=geAfll8BThr0lygiyjai7A%3D%3D&trackingId=jlQV192XlqnKXi09V90HVQ%3D%3D&position=5&pageNum=0&trk=public_jobs_jserp-result_search-card","","",""
"JavaScript Developer (Entry Level)","https://www.linkedin.com/jobs/view/javascript-developer-entry-level-at-outcoder-io-3764040564?refId=geAfll8BThr0lygiyjai7A%3D%3D&trackingId=e3N1MJpPVOKiByxgfzIEkQ%3D%3D&position=6&pageNum=0&trk=public_jobs_jserp-result_search-card","","",""
"Software Engineer (Development)- Early Career","https://www.linkedin.com/jobs/view/software-engineer-development-early-career-at-lockheed-martin-3732561541?refId=geAfll8BThr0lygiyjai7A%3D%3D&trackingId=CNXVqc8NMb%2FaA%2Bq53faeMQ%3D%3D&position=7&pageNum=0&trk=public_jobs_jserp-result_search-card","","",""
"Website Developer (Entry Level)","https://www.linkedin.com/jobs/view/website-developer-entry-level-at-outcoder-io-3764224068?refId=geAfll8BThr0lygiyjai7A%3D%3D&trackingId=Uk658QMUyS2tqdhjN0XgIA%3D%3D&position=8&pageNum=0&trk=public_jobs_jserp-result_search-card","","",""
"Software Engineer (Development)- Early Career","https://www.linkedin.com/jobs/view/software-engineer-development-early-career-at-lockheed-martin-3732558968?refId=geAfll8BThr0lygiyjai7A%3D%3D&trackingId=9ExIVjQaxRqJZCSbGm5xRw%3D%3D&position=9&pageNum=0&trk=public_jobs_jserp-result_search-card","","",""
"Graduate Software Developer","https://www.linkedin.com/jobs/view/graduate-software-developer-at-amber-resourcing-3753040087?refId=geAfll8BThr0lygiyjai7A%3D%3D&trackingId=itR%2Fb9roohwrCCsSJJPrGw%3D%3D&position=10&pageNum=0&trk=public_jobs_jserp-result_search-card","","",""
"React Developer (Entry Level)","https://www.linkedin.com/jobs/view/react-developer-entry-level-at-skyrecruitment-llc-3764218822?refId=geAfll8BThr0lygiyjai7A%3D%3D&trackingId=hIE4%2Fb5RhRJByp0%2BR%2Fqjvg%3D%3D&position=11&pageNum=0&trk=public_jobs_jserp-result_search-card","","",""
"Software Engineer, 2024 New Grad","https://www.linkedin.com/jobs/view/software-engineer-2024-new-grad-at-loop-3740012345?refId=geAfll8BThr0lygiyjai7A%3D%3D&trackingId=xFyg09rGNXFCzAVpb%2Bf1hA%3D%3D&position=12&pageNum=0&trk=public_jobs_jserp-result_search-card","","",""
"Full Stack Developer","https://www.linkedin.com/jobs/view/full-stack-developer-at-vivid-mortgages-inc-3755469975?refId=geAfll8BThr0lygiyjai7A%3D%3D&trackingId=V4RbqZqHQ2L0hBaLaZHh4Q%3D%3D&position=13&pageNum=0&trk=public_jobs_jserp-result_search-card","","",""
"JavaScript Developer (Entry Level)","https://www.linkedin.com/jobs/view/javascript-developer-entry-level-at-skyrecruitment-llc-3764224109?refId=geAfll8BThr0lygiyjai7A%3D%3D&trackingId=%2F%2FXbQiQdjipCbscK5XQUAg%3D%3D&position=14&pageNum=0&trk=public_jobs_jserp-result_search-card","","",""
"Website Developer (Entry Level)","https://www.linkedin.com/jobs/view/website-developer-entry-level-at-skyrecruitment-llc-3764224132?refId=geAfll8BThr0lygiyjai7A%3D%3D&trackingId=hFRWBeoBpPwXiynVOorw0Q%3D%3D&position=15&pageNum=0&trk=public_jobs_jserp-result_search-card","","",""
"Jr. Software Engineer Trainee (Full-time Paid)","https://www.linkedin.com/jobs/view/jr-software-engineer-trainee-full-time-paid-at-crosscountry-mortgage-llc-3757133202?refId=geAfll8BThr0lygiyjai7A%3D%3D&trackingId=RlItBzXDXilNVtBrov8n3A%3D%3D&position=16&pageNum=0&trk=public_jobs_jserp-result_search-card","","",""
"Software Developer - Junior/Entry Level","https://www.linkedin.com/jobs/view/software-developer-junior-entry-level-at-synergisticit-3748155187?refId=geAfll8BThr0lygiyjai7A%3D%3D&trackingId=wSi6%2Btvm9BcNMuC2odEfIA%3D%3D&position=17&pageNum=0&trk=public_jobs_jserp-result_search-card","","",""
"Software Engineer - Early Career","https://www.linkedin.com/jobs/view/software-engineer-early-career-at-lockheed-martin-3739453078?refId=geAfll8BThr0lygiyjai7A%3D%3D&trackingId=nvLSsLAK%2ByBOGZjbqj4thA%3D%3D&position=18&pageNum=0&trk=public_jobs_jserp-result_search-card","","",""
"Junior/Entry Level Software Developer(Remote)","https://www.linkedin.com/jobs/view/junior-entry-level-software-developer-remote-at-synergisticit-3748150856?refId=geAfll8BThr0lygiyjai7A%3D%3D&trackingId=FNgAQsbkU6Rx2ZvDdnUGVA%3D%3D&position=19&pageNum=0&trk=public_jobs_jserp-result_search-card","","",""
"Entry Level Java developer","https://www.linkedin.com/jobs/view/entry-level-java-developer-at-outcoder-io-3764218833?refId=geAfll8BThr0lygiyjai7A%3D%3D&trackingId=5d0FMwBvq%2BpoEF66%2FIrRow%3D%3D&position=20&pageNum=0&trk=public_jobs_jserp-result_search-card","","",""
"Junior Software Development Engineer","https://www.linkedin.com/jobs/view/junior-software-development-engineer-at-outcoder-io-3764225051?refId=geAfll8BThr0lygiyjai7A%3D%3D&trackingId=%2Fmy%2F6MY5CV4zQF6%2BFmTTyw%3D%3D&position=21&pageNum=0&trk=public_jobs_jserp-result_search-card","","",""
"Web Developer Intern","https://www.linkedin.com/jobs/view/web-developer-intern-at-eulerity-3755590644?refId=geAfll8BThr0lygiyjai7A%3D%3D&trackingId=vA4Z4USubIuVcOuPrBeCjQ%3D%3D&position=22&pageNum=0&trk=public_jobs_jserp-result_search-card","","",""
"React Developer (Entry Level)","https://www.linkedin.com/jobs/view/react-developer-entry-level-at-outcoder-io-3764220397?refId=geAfll8BThr0lygiyjai7A%3D%3D&trackingId=gPXl%2B1M7AqDkDQppgZYrdQ%3D%3D&position=23&pageNum=0&trk=public_jobs_jserp-result_search-card","","",""
"Full Stack Engineer","https://www.linkedin.com/jobs/view/full-stack-engineer-at-wellsaid-labs-3757404381?refId=geAfll8BThr0lygiyjai7A%3D%3D&trackingId=yvuFQWn3I1CHqTXFzPB48w%3D%3D&position=24&pageNum=0&trk=public_jobs_jserp-result_search-card","","",""
"Full Stack Engineer","https://www.linkedin.com/jobs/view/full-stack-engineer-at-method-3754151936?refId=geAfll8BThr0lygiyjai7A%3D%3D&trackingId=xmP3yrwWULyc8GpC9Rnbww%3D%3D&position=25&pageNum=0&trk=public_jobs_jserp-result_search-card","","",""
"Senior Site Reliability Engineer - US / Canada","https://www.linkedin.com/jobs/view/senior-site-reliability-engineer-us-canada-at-dnsfilter-3745675418?trk=public_jobs_topcard-title","1 week ago","Over 200 applicants","Mid-Senior level"