{
 "Job": [
  {
   "name": "Software Engineer - Mobile (Android)",
   "url": "https://www.linkedin.com/jobs/view/software-engineer-mobile-android-at-linkedin-3768731056?refId=QybQsMrjaYIAvyYpawn2gw%3D%3D&trackingId=anqcPydTaMpP1RSJV77QrQ%3D%3D&position=1&pageNum=0&trk=public_jobs_jserp-result_search-card"
  },
  {
   "name": "Android Developer",
   "url": "https://www.linkedin.com/jobs/view/android-developer-at-sincere-corporation-3635510787?refId=QybQsMrjaYIAvyYpawn2gw%3D%3D&trackingId=bDUf%2B41ELK8yqZLoXoI74Q%3D%3D&position=2&pageNum=0&trk=public_jobs_jserp-result_search-card"
  },
  {
   "name": "Android Developer",
   "url": "https://www.linkedin.com/jobs/view/android-developer%C2%A0-at-zettalogix-inc-3692185312?refId=QybQsMrjaYIAvyYpawn2gw%3D%3D&trackingId=Dko2SQ3s01Nyen7Fq6Trog%3D%3D&position=3&pageNum=0&trk=public_jobs_jserp-result_search-card"
  },
  {
   "name": "Android developer",
   "url": "https://www.linkedin.com/jobs/view/android-developer-at-sysmind-3772698241?refId=QybQsMrjaYIAvyYpawn2gw%3D%3D&trackingId=CbHT9sbvqykAxc2MVrFDwg%3D%3D&position=4&pageNum=0&trk=public_jobs_jserp-result_search-card"
  },
  {
   "name": "Android Developer",
   "url": "https://www.linkedin.com/jobs/view/android-developer-at-nantmobile%E2%84%A2-3771517196?refId=QybQsMrjaYIAvyYpawn2gw%3D%3D&trackingId=8H9bNDH%2FoSLDfiT%2F1kanHQ%3D%3D&position=5&pageNum=0&trk=public_jobs_jserp-result_search-card"
  },
  {
   "name": "Android Developer",
   "url": "https://www.linkedin.com/jobs/view/android-developer-at-quantumbricks-3686160919?refId=QybQsMrjaYIAvyYpawn2gw%3D%3D&trackingId=AxFj2J4U231lkNBGQ5F0UQ%3D%3D&position=6&pageNum=0&trk=public_jobs_jserp-result_search-card"
  },
  {
   "name": "Mobile Application Developer",
   "url": "https://www.linkedin.com/jobs/view/mobile-application-developer-at-rsa-conference-3761346771?refId=QybQsMrjaYIAvyYpawn2gw%3D%3D&trackingId=lOkwy53HG%2FD5Cws1vCSRCQ%3D%3D&position=7&pageNum=0&trk=public_jobs_jserp-result_search-card"
  },
  {
   "name": "Mobile Application Developer",
   "url": "https://www.linkedin.com/jobs/view/mobile-application-developer-at-steneral-consulting-3772472700?refId=QybQsMrjaYIAvyYpawn2gw%3D%3D&trackingId=MejGyj8oCz9ZpEHDzkHiQQ%3D%3D&position=8&pageNum=0&trk=public_jobs_jserp-result_search-card"
  },
  {
   "name": "Android Developer",
   "url": "https://www.linkedin.com/jobs/view/android-developer-at-vrk-it-vision-inc-3683801151?refId=QybQsMrjaYIAvyYpawn2gw%3D%3D&trackingId=PmLRtdjQwUPJrOOVgZpM7A%3D%3D&position=9&pageNum=0&trk=public_jobs_jserp-result_search-card"
  },
  {
   "name": "Android Developer",
   "url": "https://www.linkedin.com/jobs/view/android-developer-at-ekodus-inc-3633754713?refId=QybQsMrjaYIAvyYpawn2gw%3D%3D&trackingId=wYJ1PYjUlHtFNVaUKJ3kLA%3D%3D&position=10&pageNum=0&trk=public_jobs_jserp-result_search-card"
  },
  {
   "name": "Android Developer",
   "url": "https://www.linkedin.com/jobs/view/android-developer-at-stanley-david-and-associates-3775272348?refId=QybQsMrjaYIAvyYpawn2gw%3D%3D&trackingId=LchiYHJqW%2FzvojU%2Bo7bjdQ%3D%3D&position=11&pageNum=0&trk=public_jobs_jserp-result_search-card"
  },
  {
   "name": "Software Engineer, Android",
   "url": "https://www.linkedin.com/jobs/view/software-engineer-android-at-notion-3675313311?refId=QybQsMrjaYIAvyYpawn2gw%3D%3D&trackingId=w1zf5dIWFe1Fzb2wmcoKrg%3D%3D&position=12&pageNum=0&trk=public_jobs_jserp-result_search-card"
  },
  {
   "name": "Software Engineer - Mobile",
   "url": "https://www.linkedin.com/jobs/view/software-engineer-mobile-at-kikoff-3769033279?refId=QybQsMrjaYIAvyYpawn2gw%3D%3D&trackingId=UHrNsf3NeOW5Xm94VlPbnA%3D%3D&position=13&pageNum=0&trk=public_jobs_jserp-result_search-card"
  },
  {
   "name": "Sr. Android/Kotlin Developer",
   "url": "https://www.linkedin.com/jobs/view/sr-android-kotlin-developer-at-steneral-consulting-3641988046?refId=QybQsMrjaYIAvyYpawn2gw%3D%3D&trackingId=Psv%2B2jM5OEH%2BbCeCVcbR6A%3D%3D&position=14&pageNum=0&trk=public_jobs_jserp-result_search-card"
  },
  {
   "name": "Android Developer",
   "url": "https://www.linkedin.com/jobs/view/android-developer-at-ata-analytiq-llc-3773800667?refId=QybQsMrjaYIAvyYpawn2gw%3D%3D&trackingId=T0O82rAojE9miTnqY%2FpxTA%3D%3D&position=15&pageNum=0&trk=public_jobs_jserp-result_search-card"
  },
  {
   "name": "Android Mobile Developer",
   "url": "https://www.linkedin.com/jobs/view/android-mobile-developer-at-scigon-3775522295?refId=QybQsMrjaYIAvyYpawn2gw%3D%3D&trackingId=NdzJpaIk3YsT4JFyragWeg%3D%3D&position=16&pageNum=0&trk=public_jobs_jserp-result_search-card"
  },
  {
   "name": "Android Developer",
   "url": "https://www.linkedin.com/jobs/view/android-developer-at-summit-staffing-partners-3769054525?refId=QybQsMrjaYIAvyYpawn2gw%3D%3D&trackingId=Zb%2B67o4JKfckqislOyB3iA%3D%3D&position=17&pageNum=0&trk=public_jobs_jserp-result_search-card"
  },
  {
   "name": "Android Developer :: Issaquah, WA",
   "url": "https://www.linkedin.com/jobs/view/android-developer-issaquah-wa-at-niktor-3770436787?refId=QybQsMrjaYIAvyYpawn2gw%3D%3D&trackingId=iJ0dFm11M93Ks73BChk13A%3D%3D&position=18&pageNum=0&trk=public_jobs_jserp-result_search-card"
  },
  {
   "name": "Android Developer: 23-02282",
   "url": "https://www.linkedin.com/jobs/view/android-developer-23-02282-at-akraya-inc-3768049692?refId=QybQsMrjaYIAvyYpawn2gw%3D%3D&trackingId=mO6jmthYRn4iDOUxSixekw%3D%3D&position=19&pageNum=0&trk=public_jobs_jserp-result_search-card"
  },
  {
   "name": "Mobile Developer",
   "url": "https://www.linkedin.com/jobs/view/mobile-developer-at-nymbus-3751172333?refId=QybQsMrjaYIAvyYpawn2gw%3D%3D&trackingId=YXCIU5g2LKT86AlM2fjAaQ%3D%3D&position=20&pageNum=0&trk=public_jobs_jserp-result_search-card"
  },
  {
   "name": "Android Developer",
   "url": "https://www.linkedin.com/jobs/view/android-developer-at-accroid-inc-3750170695?refId=QybQsMrjaYIAvyYpawn2gw%3D%3D&trackingId=gMbdH4OS34Tc%2BidjQ6ugEw%3D%3D&position=21&pageNum=0&trk=public_jobs_jserp-result_search-card"
  },
  {
   "name": "Android Developer",
   "url": "https://www.linkedin.com/jobs/view/android-developer-at-omegahires-3766106496?refId=QybQsMrjaYIAvyYpawn2gw%3D%3D&trackingId=Ut7XxWzMKeE1DlSDEiPyag%3D%3D&position=22&pageNum=0&trk=public_jobs_jserp-result_search-card"
  },
  {
   "name": "Android Developer IV",
   "url": "https://www.linkedin.com/jobs/view/android-developer-iv-at-anveta-inc-3662658188?refId=QybQsMrjaYIAvyYpawn2gw%3D%3D&trackingId=529dLljx7YkaSWoHV5wpZA%3D%3D&position=23&pageNum=0&trk=public_jobs_jserp-result_search-card"
  },
  {
   "name": "Mobile Developer",
   "url": "https://www.linkedin.com/jobs/view/mobile-developer-at-steneral-consulting-3737107048?refId=QybQsMrjaYIAvyYpawn2gw%3D%3D&trackingId=kxOPRWA99U4RWK%2FS8I0UyA%3D%3D&position=24&pageNum=0&trk=public_jobs_jserp-result_search-card"
  },
  {
   "name": "Android Engineer",
   "url": "https://www.linkedin.com/jobs/view/android-engineer-at-modern-3758537928?refId=QybQsMrjaYIAvyYpawn2gw%3D%3D&trackingId=980k7GWKhptCHDReR8PfqA%3D%3D&position=25&pageNum=0&trk=public_jobs_jserp-result_search-card"
  },
  {
   "name": "Software Engineer - Mobile (Android)",
   "url": "https://www.linkedin.com/jobs/view/software-engineer-mobile-android-at-linkedin-3768731056?refId=QybQsMrjaYIAvyYpawn2gw%3D%3D&trackingId=anqcPydTaMpP1RSJV77QrQ%3D%3D&trk=public_jobs_topcard-title",
   "time": "1 day ago",
   "level": "Not Applicable",
   "applicants": "Over 200 applicants"
  }
 ]
}