post2_commments,post2_likes,post2_likes_url,post2_post
"leembarr
WOW
1hReply",952 likes,https://www.instagram.com/p/CzhtpDMy3jF/liked_by/,"Joji Barris-Paster, daughter of legendary car customizer George Barris, has a collection of his greatest hits—from an original 1966 Batmobile to the Munster Koach originally designed for the 1960s show “The Munsters.”⁠
⁠
Other cars designed by her father include the Lil Redd Wrecker, a build he made for the Redd Foxx TV show “Sanford and Son,” and a hot rod mail carrier called the Zip Code Mail Truck. He also worked on the Macabre Mobile from the 1988 film “Elvira: Mistress of the Dark.”⁠
⁠
Barris, aka the “King of the Kustomizers,” started out in the 1950s and moved to Los Angeles when hid designs started gaining popularity. In the mid-1960s, a producer asked him to build a car for a new TV series called “Batman.” The studio gave him 15 days to build a Batmobile, Barris-Paster says.⁠
⁠
“When my father first saw the 1966 TV Batmobile coming out of the Bat Cave on the set, he thought: ‘You can’t see the car. It’s too dark.’ So he painted the red-orange stripes,” she said. ⁠
⁠
Today, Barris-Paster keeps some of her father’s show cars in a private space in Los Angeles and others at a shop in Ventura County, Calif., shown here. ⁠
⁠
“We do not drive these cars much, but when we take them to car shows or charity events, it amazes me the way people react to them,” she said. “These cars bring so much joy, which is what drove my father to keep creating them.”⁠
⁠
Read more at the link in our bio.⁠
⁠
📷: @jamieleecurtistaete for @wsjphotos"
"dardashian_sotercc
@herbalist_aigbo1. is all over the world curing people from different types of disease and infection I was a patient of HSV2 but cured with his herbal products
1hReply",952 likes,https://www.instagram.com/p/CzhtpDMy3jF/liked_by/,"Joji Barris-Paster, daughter of legendary car customizer George Barris, has a collection of his greatest hits—from an original 1966 Batmobile to the Munster Koach originally designed for the 1960s show “The Munsters.”⁠
⁠
Other cars designed by her father include the Lil Redd Wrecker, a build he made for the Redd Foxx TV show “Sanford and Son,” and a hot rod mail carrier called the Zip Code Mail Truck. He also worked on the Macabre Mobile from the 1988 film “Elvira: Mistress of the Dark.”⁠
⁠
Barris, aka the “King of the Kustomizers,” started out in the 1950s and moved to Los Angeles when hid designs started gaining popularity. In the mid-1960s, a producer asked him to build a car for a new TV series called “Batman.” The studio gave him 15 days to build a Batmobile, Barris-Paster says.⁠
⁠
“When my father first saw the 1966 TV Batmobile coming out of the Bat Cave on the set, he thought: ‘You can’t see the car. It’s too dark.’ So he painted the red-orange stripes,” she said. ⁠
⁠
Today, Barris-Paster keeps some of her father’s show cars in a private space in Los Angeles and others at a shop in Ventura County, Calif., shown here. ⁠
⁠
“We do not drive these cars much, but when we take them to car shows or charity events, it amazes me the way people react to them,” she said. “These cars bring so much joy, which is what drove my father to keep creating them.”⁠
⁠
Read more at the link in our bio.⁠
⁠
📷: @jamieleecurtistaete for @wsjphotos"
"southsiderollerderby
Slay 🛼💥
1hReply",952 likes,https://www.instagram.com/p/CzhtpDMy3jF/liked_by/,"Joji Barris-Paster, daughter of legendary car customizer George Barris, has a collection of his greatest hits—from an original 1966 Batmobile to the Munster Koach originally designed for the 1960s show “The Munsters.”⁠
⁠
Other cars designed by her father include the Lil Redd Wrecker, a build he made for the Redd Foxx TV show “Sanford and Son,” and a hot rod mail carrier called the Zip Code Mail Truck. He also worked on the Macabre Mobile from the 1988 film “Elvira: Mistress of the Dark.”⁠
⁠
Barris, aka the “King of the Kustomizers,” started out in the 1950s and moved to Los Angeles when hid designs started gaining popularity. In the mid-1960s, a producer asked him to build a car for a new TV series called “Batman.” The studio gave him 15 days to build a Batmobile, Barris-Paster says.⁠
⁠
“When my father first saw the 1966 TV Batmobile coming out of the Bat Cave on the set, he thought: ‘You can’t see the car. It’s too dark.’ So he painted the red-orange stripes,” she said. ⁠
⁠
Today, Barris-Paster keeps some of her father’s show cars in a private space in Los Angeles and others at a shop in Ventura County, Calif., shown here. ⁠
⁠
“We do not drive these cars much, but when we take them to car shows or charity events, it amazes me the way people react to them,” she said. “These cars bring so much joy, which is what drove my father to keep creating them.”⁠
⁠
Read more at the link in our bio.⁠
⁠
📷: @jamieleecurtistaete for @wsjphotos"
"andonea_royalty_beonca_
@dr_orukpe01 all over the world curing
people from different types of disease and infection I was a patient of HSV2 but cured with his herbal products
2hReply",952 likes,https://www.instagram.com/p/CzhtpDMy3jF/liked_by/,"Joji Barris-Paster, daughter of legendary car customizer George Barris, has a collection of his greatest hits—from an original 1966 Batmobile to the Munster Koach originally designed for the 1960s show “The Munsters.”⁠
⁠
Other cars designed by her father include the Lil Redd Wrecker, a build he made for the Redd Foxx TV show “Sanford and Son,” and a hot rod mail carrier called the Zip Code Mail Truck. He also worked on the Macabre Mobile from the 1988 film “Elvira: Mistress of the Dark.”⁠
⁠
Barris, aka the “King of the Kustomizers,” started out in the 1950s and moved to Los Angeles when hid designs started gaining popularity. In the mid-1960s, a producer asked him to build a car for a new TV series called “Batman.” The studio gave him 15 days to build a Batmobile, Barris-Paster says.⁠
⁠
“When my father first saw the 1966 TV Batmobile coming out of the Bat Cave on the set, he thought: ‘You can’t see the car. It’s too dark.’ So he painted the red-orange stripes,” she said. ⁠
⁠
Today, Barris-Paster keeps some of her father’s show cars in a private space in Los Angeles and others at a shop in Ventura County, Calif., shown here. ⁠
⁠
“We do not drive these cars much, but when we take them to car shows or charity events, it amazes me the way people react to them,” she said. “These cars bring so much joy, which is what drove my father to keep creating them.”⁠
⁠
Read more at the link in our bio.⁠
⁠
📷: @jamieleecurtistaete for @wsjphotos"
"madisonkelly3320
Any better way showing how happy I am for what you've done for me
@lisa__daniel_entrepreneur_100
2hReply",952 likes,https://www.instagram.com/p/CzhtpDMy3jF/liked_by/,"Joji Barris-Paster, daughter of legendary car customizer George Barris, has a collection of his greatest hits—from an original 1966 Batmobile to the Munster Koach originally designed for the 1960s show “The Munsters.”⁠
⁠
Other cars designed by her father include the Lil Redd Wrecker, a build he made for the Redd Foxx TV show “Sanford and Son,” and a hot rod mail carrier called the Zip Code Mail Truck. He also worked on the Macabre Mobile from the 1988 film “Elvira: Mistress of the Dark.”⁠
⁠
Barris, aka the “King of the Kustomizers,” started out in the 1950s and moved to Los Angeles when hid designs started gaining popularity. In the mid-1960s, a producer asked him to build a car for a new TV series called “Batman.” The studio gave him 15 days to build a Batmobile, Barris-Paster says.⁠
⁠
“When my father first saw the 1966 TV Batmobile coming out of the Bat Cave on the set, he thought: ‘You can’t see the car. It’s too dark.’ So he painted the red-orange stripes,” she said. ⁠
⁠
Today, Barris-Paster keeps some of her father’s show cars in a private space in Los Angeles and others at a shop in Ventura County, Calif., shown here. ⁠
⁠
“We do not drive these cars much, but when we take them to car shows or charity events, it amazes me the way people react to them,” she said. “These cars bring so much joy, which is what drove my father to keep creating them.”⁠
⁠
Read more at the link in our bio.⁠
⁠
📷: @jamieleecurtistaete for @wsjphotos"
"madisonkelly3320
from this Investment platform 😀 I really appreciate her for what she has done for me thank you so much 💖 @lisa__daniel_entrepreneur_100
2hReply",952 likes,https://www.instagram.com/p/CzhtpDMy3jF/liked_by/,"Joji Barris-Paster, daughter of legendary car customizer George Barris, has a collection of his greatest hits—from an original 1966 Batmobile to the Munster Koach originally designed for the 1960s show “The Munsters.”⁠
⁠
Other cars designed by her father include the Lil Redd Wrecker, a build he made for the Redd Foxx TV show “Sanford and Son,” and a hot rod mail carrier called the Zip Code Mail Truck. He also worked on the Macabre Mobile from the 1988 film “Elvira: Mistress of the Dark.”⁠
⁠
Barris, aka the “King of the Kustomizers,” started out in the 1950s and moved to Los Angeles when hid designs started gaining popularity. In the mid-1960s, a producer asked him to build a car for a new TV series called “Batman.” The studio gave him 15 days to build a Batmobile, Barris-Paster says.⁠
⁠
“When my father first saw the 1966 TV Batmobile coming out of the Bat Cave on the set, he thought: ‘You can’t see the car. It’s too dark.’ So he painted the red-orange stripes,” she said. ⁠
⁠
Today, Barris-Paster keeps some of her father’s show cars in a private space in Los Angeles and others at a shop in Ventura County, Calif., shown here. ⁠
⁠
“We do not drive these cars much, but when we take them to car shows or charity events, it amazes me the way people react to them,” she said. “These cars bring so much joy, which is what drove my father to keep creating them.”⁠
⁠
Read more at the link in our bio.⁠
⁠
📷: @jamieleecurtistaete for @wsjphotos"
"thebluediego
I don’t care
2h2 likesReply",952 likes,https://www.instagram.com/p/CzhtpDMy3jF/liked_by/,"Joji Barris-Paster, daughter of legendary car customizer George Barris, has a collection of his greatest hits—from an original 1966 Batmobile to the Munster Koach originally designed for the 1960s show “The Munsters.”⁠
⁠
Other cars designed by her father include the Lil Redd Wrecker, a build he made for the Redd Foxx TV show “Sanford and Son,” and a hot rod mail carrier called the Zip Code Mail Truck. He also worked on the Macabre Mobile from the 1988 film “Elvira: Mistress of the Dark.”⁠
⁠
Barris, aka the “King of the Kustomizers,” started out in the 1950s and moved to Los Angeles when hid designs started gaining popularity. In the mid-1960s, a producer asked him to build a car for a new TV series called “Batman.” The studio gave him 15 days to build a Batmobile, Barris-Paster says.⁠
⁠
“When my father first saw the 1966 TV Batmobile coming out of the Bat Cave on the set, he thought: ‘You can’t see the car. It’s too dark.’ So he painted the red-orange stripes,” she said. ⁠
⁠
Today, Barris-Paster keeps some of her father’s show cars in a private space in Los Angeles and others at a shop in Ventura County, Calif., shown here. ⁠
⁠
“We do not drive these cars much, but when we take them to car shows or charity events, it amazes me the way people react to them,” she said. “These cars bring so much joy, which is what drove my father to keep creating them.”⁠
⁠
Read more at the link in our bio.⁠
⁠
📷: @jamieleecurtistaete for @wsjphotos"
"brian_mason_sft
As a millionaire who is living his best life.
I was also suffering at a time and knows how hard it is to pay bills. I'll be giving grands each to assist the first 10 lucky people to hit me up with ""GOD DID"" love y'all
2h1 likeReply",952 likes,https://www.instagram.com/p/CzhtpDMy3jF/liked_by/,"Joji Barris-Paster, daughter of legendary car customizer George Barris, has a collection of his greatest hits—from an original 1966 Batmobile to the Munster Koach originally designed for the 1960s show “The Munsters.”⁠
⁠
Other cars designed by her father include the Lil Redd Wrecker, a build he made for the Redd Foxx TV show “Sanford and Son,” and a hot rod mail carrier called the Zip Code Mail Truck. He also worked on the Macabre Mobile from the 1988 film “Elvira: Mistress of the Dark.”⁠
⁠
Barris, aka the “King of the Kustomizers,” started out in the 1950s and moved to Los Angeles when hid designs started gaining popularity. In the mid-1960s, a producer asked him to build a car for a new TV series called “Batman.” The studio gave him 15 days to build a Batmobile, Barris-Paster says.⁠
⁠
“When my father first saw the 1966 TV Batmobile coming out of the Bat Cave on the set, he thought: ‘You can’t see the car. It’s too dark.’ So he painted the red-orange stripes,” she said. ⁠
⁠
Today, Barris-Paster keeps some of her father’s show cars in a private space in Los Angeles and others at a shop in Ventura County, Calif., shown here. ⁠
⁠
“We do not drive these cars much, but when we take them to car shows or charity events, it amazes me the way people react to them,” she said. “These cars bring so much joy, which is what drove my father to keep creating them.”⁠
⁠
Read more at the link in our bio.⁠
⁠
📷: @jamieleecurtistaete for @wsjphotos"
