post1_comments,post1_post,post1_likes,post1_selection1_url
"dardashian_sotercc
@herbalist_aigbo1. is all over the world curing people from different types of disease and infection I was a patient of HSV2 but cured with his herbal products
1hReply","Online shoppers—to add to the specters of shipping delays and front porch-theft—have a new annoyance: accidentally ordering doll-size versions of things.⁠
⁠
Emma Platt, 41, a U.K.-based graphic designer, bought a set of coat hangers labeled as “small” from the Chinese fashion site Shein for her part-time business selling secondhand children’s clothes.⁠
⁠
“I probably couldn’t fit anything but Barbie clothes on there,” Platt said of the mini hangers that arrived. ⁠
⁠
It turns out it’s not uncommon. Online marketplaces sell tiny pink cowboy hats. They also sell miniature pencil sharpeners, palm-size kitchen utensils, scaled-down books and itsy-bitsy camping chairs. Many of the minuscule objects aren’t clearly advertised.⁠
⁠
Shoppers have gotten lazy when clicking “buy” and assume—often wrongly—what size they’re getting, said Brendan Witcher, a principal analyst at research and advisory firm Forrester. But there is no doubt some online sellers deliberately trick customers into buying smaller and often cheaper-to-produce items, he said.⁠
⁠
Common tactics include displaying products against a white background rather than in room sets or on models, or photographing items with a perspective that makes them appear bigger than they really are. Dimensions can be hidden deep in the product description, or not included at all.⁠
⁠
In those instances, the duped consumer “may say, well, it’s only $1, $2, maybe $3—what’s the harm?” Witcher said. When the item arrives the shopper may be confused, amused or frustrated, but unlikely to complain or demand a refund.⁠
⁠
Read more at the link in our bio.⁠
⁠
Photo: Emma Platt","1,890",https://www.instagram.com/p/CzhLUKUup1s/liked_by/
"dogreenthings
Hang necklaces, earrings, etc
1hReply","Online shoppers—to add to the specters of shipping delays and front porch-theft—have a new annoyance: accidentally ordering doll-size versions of things.⁠
⁠
Emma Platt, 41, a U.K.-based graphic designer, bought a set of coat hangers labeled as “small” from the Chinese fashion site Shein for her part-time business selling secondhand children’s clothes.⁠
⁠
“I probably couldn’t fit anything but Barbie clothes on there,” Platt said of the mini hangers that arrived. ⁠
⁠
It turns out it’s not uncommon. Online marketplaces sell tiny pink cowboy hats. They also sell miniature pencil sharpeners, palm-size kitchen utensils, scaled-down books and itsy-bitsy camping chairs. Many of the minuscule objects aren’t clearly advertised.⁠
⁠
Shoppers have gotten lazy when clicking “buy” and assume—often wrongly—what size they’re getting, said Brendan Witcher, a principal analyst at research and advisory firm Forrester. But there is no doubt some online sellers deliberately trick customers into buying smaller and often cheaper-to-produce items, he said.⁠
⁠
Common tactics include displaying products against a white background rather than in room sets or on models, or photographing items with a perspective that makes them appear bigger than they really are. Dimensions can be hidden deep in the product description, or not included at all.⁠
⁠
In those instances, the duped consumer “may say, well, it’s only $1, $2, maybe $3—what’s the harm?” Witcher said. When the item arrives the shopper may be confused, amused or frustrated, but unlikely to complain or demand a refund.⁠
⁠
Read more at the link in our bio.⁠
⁠
Photo: Emma Platt","1,890",https://www.instagram.com/p/CzhLUKUup1s/liked_by/
"rita_anand56
True. Happens pretty often. And since it's cheap we don't bother to return it. But this is adding to waste.
2hReply","Online shoppers—to add to the specters of shipping delays and front porch-theft—have a new annoyance: accidentally ordering doll-size versions of things.⁠
⁠
Emma Platt, 41, a U.K.-based graphic designer, bought a set of coat hangers labeled as “small” from the Chinese fashion site Shein for her part-time business selling secondhand children’s clothes.⁠
⁠
“I probably couldn’t fit anything but Barbie clothes on there,” Platt said of the mini hangers that arrived. ⁠
⁠
It turns out it’s not uncommon. Online marketplaces sell tiny pink cowboy hats. They also sell miniature pencil sharpeners, palm-size kitchen utensils, scaled-down books and itsy-bitsy camping chairs. Many of the minuscule objects aren’t clearly advertised.⁠
⁠
Shoppers have gotten lazy when clicking “buy” and assume—often wrongly—what size they’re getting, said Brendan Witcher, a principal analyst at research and advisory firm Forrester. But there is no doubt some online sellers deliberately trick customers into buying smaller and often cheaper-to-produce items, he said.⁠
⁠
Common tactics include displaying products against a white background rather than in room sets or on models, or photographing items with a perspective that makes them appear bigger than they really are. Dimensions can be hidden deep in the product description, or not included at all.⁠
⁠
In those instances, the duped consumer “may say, well, it’s only $1, $2, maybe $3—what’s the harm?” Witcher said. When the item arrives the shopper may be confused, amused or frustrated, but unlikely to complain or demand a refund.⁠
⁠
Read more at the link in our bio.⁠
⁠
Photo: Emma Platt","1,890",https://www.instagram.com/p/CzhLUKUup1s/liked_by/
"jaqattack9
@drichie726 big foot yard art
2hReply","Online shoppers—to add to the specters of shipping delays and front porch-theft—have a new annoyance: accidentally ordering doll-size versions of things.⁠
⁠
Emma Platt, 41, a U.K.-based graphic designer, bought a set of coat hangers labeled as “small” from the Chinese fashion site Shein for her part-time business selling secondhand children’s clothes.⁠
⁠
“I probably couldn’t fit anything but Barbie clothes on there,” Platt said of the mini hangers that arrived. ⁠
⁠
It turns out it’s not uncommon. Online marketplaces sell tiny pink cowboy hats. They also sell miniature pencil sharpeners, palm-size kitchen utensils, scaled-down books and itsy-bitsy camping chairs. Many of the minuscule objects aren’t clearly advertised.⁠
⁠
Shoppers have gotten lazy when clicking “buy” and assume—often wrongly—what size they’re getting, said Brendan Witcher, a principal analyst at research and advisory firm Forrester. But there is no doubt some online sellers deliberately trick customers into buying smaller and often cheaper-to-produce items, he said.⁠
⁠
Common tactics include displaying products against a white background rather than in room sets or on models, or photographing items with a perspective that makes them appear bigger than they really are. Dimensions can be hidden deep in the product description, or not included at all.⁠
⁠
In those instances, the duped consumer “may say, well, it’s only $1, $2, maybe $3—what’s the harm?” Witcher said. When the item arrives the shopper may be confused, amused or frustrated, but unlikely to complain or demand a refund.⁠
⁠
Read more at the link in our bio.⁠
⁠
Photo: Emma Platt","1,890",https://www.instagram.com/p/CzhLUKUup1s/liked_by/
"madisonkelly3320
@lisa__daniel_entrepreneur_100 I bought a house worth alot thanks to @lisa__daniel_entrepreneur_100❤️❤️❤️❤️❤️
2hReply","Online shoppers—to add to the specters of shipping delays and front porch-theft—have a new annoyance: accidentally ordering doll-size versions of things.⁠
⁠
Emma Platt, 41, a U.K.-based graphic designer, bought a set of coat hangers labeled as “small” from the Chinese fashion site Shein for her part-time business selling secondhand children’s clothes.⁠
⁠
“I probably couldn’t fit anything but Barbie clothes on there,” Platt said of the mini hangers that arrived. ⁠
⁠
It turns out it’s not uncommon. Online marketplaces sell tiny pink cowboy hats. They also sell miniature pencil sharpeners, palm-size kitchen utensils, scaled-down books and itsy-bitsy camping chairs. Many of the minuscule objects aren’t clearly advertised.⁠
⁠
Shoppers have gotten lazy when clicking “buy” and assume—often wrongly—what size they’re getting, said Brendan Witcher, a principal analyst at research and advisory firm Forrester. But there is no doubt some online sellers deliberately trick customers into buying smaller and often cheaper-to-produce items, he said.⁠
⁠
Common tactics include displaying products against a white background rather than in room sets or on models, or photographing items with a perspective that makes them appear bigger than they really are. Dimensions can be hidden deep in the product description, or not included at all.⁠
⁠
In those instances, the duped consumer “may say, well, it’s only $1, $2, maybe $3—what’s the harm?” Witcher said. When the item arrives the shopper may be confused, amused or frustrated, but unlikely to complain or demand a refund.⁠
⁠
Read more at the link in our bio.⁠
⁠
Photo: Emma Platt","1,890",https://www.instagram.com/p/CzhLUKUup1s/liked_by/
