{
 "post4": [
  {
   "comment": "@elena_entrepreneur0 is the best 100% when it comes to helping people financially 📣📣📣📣📣📣📣📣📣📣",
   "likes": "1,168 likes",
   "likes_url": "https://www.instagram.com/p/CzeSBDiJ_PR/liked_by/",
   "post": "As the cost of having fun goes up, so do the odds that you’ll feel let down.⁠\n⁠\nThe cost of admissions and fees for entertainment rose faster than the cost of many staple goods last year, according to data from the Bureau of Labor Statistics. That has helped raise standards for the amount of fun we expect for our money—and triggered quick disappointment when our experiences don’t live up to the price. ⁠\n⁠\nSomeone who scores cheap flights to Europe may give the trip five stars before the plane even boards. Someone who spends half their paycheck on playoff tickets may get cranky about it by halftime. ⁠\n⁠\nAnd people are spending for now. Corie Barry, Best Buy’s CEO, said at a conference last month that “experiences are really where people are willing to pay” and that this was dragging on demand for expensive electronics. ⁠\n⁠\nStudies on money and happiness tell us that paying for experiences tends to bring us greater pleasures than buying stuff, because those experiences can deliver payoffs before, during and after they happen. ⁠\n⁠\nDissatisfaction is more likely when money is tighter, a 2022 study in the Journal of Consumer Research found. People feel worse about purchases of both things and experiences and write more negative reviews, researchers found. This regret often stems from thinking about all the other ways the money could have been used instead.⁠\n⁠\nRead more at the link in our bio. ⁠\n⁠\nPhoto illustration: @elenamadeit / WSJ, iStock"
  },
  {
   "comment": "Work with people who will bring positive changes into your life brought peace and happiness into my life @elena_entrepreneur0",
   "likes": "1,168 likes",
   "likes_url": "https://www.instagram.com/p/CzeSBDiJ_PR/liked_by/",
   "post": "As the cost of having fun goes up, so do the odds that you’ll feel let down.⁠\n⁠\nThe cost of admissions and fees for entertainment rose faster than the cost of many staple goods last year, according to data from the Bureau of Labor Statistics. That has helped raise standards for the amount of fun we expect for our money—and triggered quick disappointment when our experiences don’t live up to the price. ⁠\n⁠\nSomeone who scores cheap flights to Europe may give the trip five stars before the plane even boards. Someone who spends half their paycheck on playoff tickets may get cranky about it by halftime. ⁠\n⁠\nAnd people are spending for now. Corie Barry, Best Buy’s CEO, said at a conference last month that “experiences are really where people are willing to pay” and that this was dragging on demand for expensive electronics. ⁠\n⁠\nStudies on money and happiness tell us that paying for experiences tends to bring us greater pleasures than buying stuff, because those experiences can deliver payoffs before, during and after they happen. ⁠\n⁠\nDissatisfaction is more likely when money is tighter, a 2022 study in the Journal of Consumer Research found. People feel worse about purchases of both things and experiences and write more negative reviews, researchers found. This regret often stems from thinking about all the other ways the money could have been used instead.⁠\n⁠\nRead more at the link in our bio. ⁠\n⁠\nPhoto illustration: @elenamadeit / WSJ, iStock"
  },
  {
   "comment": "YOU HAVE DONE A LOT IN MY LIFE THANKS SO MUCH❤️❤️❤️ @lisa__daniel_entrepreneur_100",
   "likes": "1,168 likes",
   "likes_url": "https://www.instagram.com/p/CzeSBDiJ_PR/liked_by/",
   "post": "As the cost of having fun goes up, so do the odds that you’ll feel let down.⁠\n⁠\nThe cost of admissions and fees for entertainment rose faster than the cost of many staple goods last year, according to data from the Bureau of Labor Statistics. That has helped raise standards for the amount of fun we expect for our money—and triggered quick disappointment when our experiences don’t live up to the price. ⁠\n⁠\nSomeone who scores cheap flights to Europe may give the trip five stars before the plane even boards. Someone who spends half their paycheck on playoff tickets may get cranky about it by halftime. ⁠\n⁠\nAnd people are spending for now. Corie Barry, Best Buy’s CEO, said at a conference last month that “experiences are really where people are willing to pay” and that this was dragging on demand for expensive electronics. ⁠\n⁠\nStudies on money and happiness tell us that paying for experiences tends to bring us greater pleasures than buying stuff, because those experiences can deliver payoffs before, during and after they happen. ⁠\n⁠\nDissatisfaction is more likely when money is tighter, a 2022 study in the Journal of Consumer Research found. People feel worse about purchases of both things and experiences and write more negative reviews, researchers found. This regret often stems from thinking about all the other ways the money could have been used instead.⁠\n⁠\nRead more at the link in our bio. ⁠\n⁠\nPhoto illustration: @elenamadeit / WSJ, iStock"
  },
  {
   "comment": "I WIILL KEEP ON RECOMMENDING @lisa__daniel_entrepreneur_100",
   "likes": "1,168 likes",
   "likes_url": "https://www.instagram.com/p/CzeSBDiJ_PR/liked_by/",
   "post": "As the cost of having fun goes up, so do the odds that you’ll feel let down.⁠\n⁠\nThe cost of admissions and fees for entertainment rose faster than the cost of many staple goods last year, according to data from the Bureau of Labor Statistics. That has helped raise standards for the amount of fun we expect for our money—and triggered quick disappointment when our experiences don’t live up to the price. ⁠\n⁠\nSomeone who scores cheap flights to Europe may give the trip five stars before the plane even boards. Someone who spends half their paycheck on playoff tickets may get cranky about it by halftime. ⁠\n⁠\nAnd people are spending for now. Corie Barry, Best Buy’s CEO, said at a conference last month that “experiences are really where people are willing to pay” and that this was dragging on demand for expensive electronics. ⁠\n⁠\nStudies on money and happiness tell us that paying for experiences tends to bring us greater pleasures than buying stuff, because those experiences can deliver payoffs before, during and after they happen. ⁠\n⁠\nDissatisfaction is more likely when money is tighter, a 2022 study in the Journal of Consumer Research found. People feel worse about purchases of both things and experiences and write more negative reviews, researchers found. This regret often stems from thinking about all the other ways the money could have been used instead.⁠\n⁠\nRead more at the link in our bio. ⁠\n⁠\nPhoto illustration: @elenamadeit / WSJ, iStock"
  },
  {
   "comment": "Thanks to leftists. On purpose",
   "likes": "1,168 likes",
   "likes_url": "https://www.instagram.com/p/CzeSBDiJ_PR/liked_by/",
   "post": "As the cost of having fun goes up, so do the odds that you’ll feel let down.⁠\n⁠\nThe cost of admissions and fees for entertainment rose faster than the cost of many staple goods last year, according to data from the Bureau of Labor Statistics. That has helped raise standards for the amount of fun we expect for our money—and triggered quick disappointment when our experiences don’t live up to the price. ⁠\n⁠\nSomeone who scores cheap flights to Europe may give the trip five stars before the plane even boards. Someone who spends half their paycheck on playoff tickets may get cranky about it by halftime. ⁠\n⁠\nAnd people are spending for now. Corie Barry, Best Buy’s CEO, said at a conference last month that “experiences are really where people are willing to pay” and that this was dragging on demand for expensive electronics. ⁠\n⁠\nStudies on money and happiness tell us that paying for experiences tends to bring us greater pleasures than buying stuff, because those experiences can deliver payoffs before, during and after they happen. ⁠\n⁠\nDissatisfaction is more likely when money is tighter, a 2022 study in the Journal of Consumer Research found. People feel worse about purchases of both things and experiences and write more negative reviews, researchers found. This regret often stems from thinking about all the other ways the money could have been used instead.⁠\n⁠\nRead more at the link in our bio. ⁠\n⁠\nPhoto illustration: @elenamadeit / WSJ, iStock"
  },
  {
   "comment": "درود دوستان دوست دارید شغلتون ارتقاع پیدا کنه؟؟در مورد شبکه چیزی میدونید؟؟آموزشهای ما رایگانه ولی...میتونید در کنار شغل خودتون کلی درامد دیگه داشته باشین با گوشی توی محل استراحت......",
   "likes": "1,168 likes",
   "likes_url": "https://www.instagram.com/p/CzeSBDiJ_PR/liked_by/",
   "post": "As the cost of having fun goes up, so do the odds that you’ll feel let down.⁠\n⁠\nThe cost of admissions and fees for entertainment rose faster than the cost of many staple goods last year, according to data from the Bureau of Labor Statistics. That has helped raise standards for the amount of fun we expect for our money—and triggered quick disappointment when our experiences don’t live up to the price. ⁠\n⁠\nSomeone who scores cheap flights to Europe may give the trip five stars before the plane even boards. Someone who spends half their paycheck on playoff tickets may get cranky about it by halftime. ⁠\n⁠\nAnd people are spending for now. Corie Barry, Best Buy’s CEO, said at a conference last month that “experiences are really where people are willing to pay” and that this was dragging on demand for expensive electronics. ⁠\n⁠\nStudies on money and happiness tell us that paying for experiences tends to bring us greater pleasures than buying stuff, because those experiences can deliver payoffs before, during and after they happen. ⁠\n⁠\nDissatisfaction is more likely when money is tighter, a 2022 study in the Journal of Consumer Research found. People feel worse about purchases of both things and experiences and write more negative reviews, researchers found. This regret often stems from thinking about all the other ways the money could have been used instead.⁠\n⁠\nRead more at the link in our bio. ⁠\n⁠\nPhoto illustration: @elenamadeit / WSJ, iStock"
  },
  {
   "comment": "😂",
   "likes": "1,168 likes",
   "likes_url": "https://www.instagram.com/p/CzeSBDiJ_PR/liked_by/",
   "post": "As the cost of having fun goes up, so do the odds that you’ll feel let down.⁠\n⁠\nThe cost of admissions and fees for entertainment rose faster than the cost of many staple goods last year, according to data from the Bureau of Labor Statistics. That has helped raise standards for the amount of fun we expect for our money—and triggered quick disappointment when our experiences don’t live up to the price. ⁠\n⁠\nSomeone who scores cheap flights to Europe may give the trip five stars before the plane even boards. Someone who spends half their paycheck on playoff tickets may get cranky about it by halftime. ⁠\n⁠\nAnd people are spending for now. Corie Barry, Best Buy’s CEO, said at a conference last month that “experiences are really where people are willing to pay” and that this was dragging on demand for expensive electronics. ⁠\n⁠\nStudies on money and happiness tell us that paying for experiences tends to bring us greater pleasures than buying stuff, because those experiences can deliver payoffs before, during and after they happen. ⁠\n⁠\nDissatisfaction is more likely when money is tighter, a 2022 study in the Journal of Consumer Research found. People feel worse about purchases of both things and experiences and write more negative reviews, researchers found. This regret often stems from thinking about all the other ways the money could have been used instead.⁠\n⁠\nRead more at the link in our bio. ⁠\n⁠\nPhoto illustration: @elenamadeit / WSJ, iStock"
  },
  {
   "comment": "So sad missing bad bunny next year. Been doing payment plans on one festival since beginning of this year. The budget is crying. thanks a lot live nation entertainment",
   "likes": "1,168 likes",
   "likes_url": "https://www.instagram.com/p/CzeSBDiJ_PR/liked_by/",
   "post": "As the cost of having fun goes up, so do the odds that you’ll feel let down.⁠\n⁠\nThe cost of admissions and fees for entertainment rose faster than the cost of many staple goods last year, according to data from the Bureau of Labor Statistics. That has helped raise standards for the amount of fun we expect for our money—and triggered quick disappointment when our experiences don’t live up to the price. ⁠\n⁠\nSomeone who scores cheap flights to Europe may give the trip five stars before the plane even boards. Someone who spends half their paycheck on playoff tickets may get cranky about it by halftime. ⁠\n⁠\nAnd people are spending for now. Corie Barry, Best Buy’s CEO, said at a conference last month that “experiences are really where people are willing to pay” and that this was dragging on demand for expensive electronics. ⁠\n⁠\nStudies on money and happiness tell us that paying for experiences tends to bring us greater pleasures than buying stuff, because those experiences can deliver payoffs before, during and after they happen. ⁠\n⁠\nDissatisfaction is more likely when money is tighter, a 2022 study in the Journal of Consumer Research found. People feel worse about purchases of both things and experiences and write more negative reviews, researchers found. This regret often stems from thinking about all the other ways the money could have been used instead.⁠\n⁠\nRead more at the link in our bio. ⁠\n⁠\nPhoto illustration: @elenamadeit / WSJ, iStock"
  }
 ]
}