post3_comments,post3_likes,post3_likes_url,post3_post
"kreshnik_kozmaqi
Let’s go 👏 at lest $15 an hour 🙌
1hReply","5,742",https://www.instagram.com/p/CzcdLaOrHY4/liked_by/,"The armies of people who make clothes for Western brands—some of the lowest-paid factory workers in the world—are protesting for better wages, a sign that the era of ultracheap labor, and ultracheap clothes, on which many companies rely is increasingly under strain.⁠
⁠
Garment workers in Bangladesh make as little as $3 a day, or about $75 a month. In recent days, tens of thousands have refused to work, calling for the minimum wage to be raised to nearly three times that amount. Demonstrations have spiraled, with factories set ablaze and machines smashed. Some three hundred factories stopped operations.⁠
⁠
Sewing operator Hamim Shikder, who joined protests, said the roughly $125 a month he earns—after 50 hours of overtime—is spent on his son’s school fees, increasingly expensive groceries and other essentials. When his wife recently got sick with dengue he had to borrow money for medical bills. “Whatever amount I get, I have to spend,” he said.⁠
⁠
The core of the protests, that workers need higher wages to make even a basic living, has drawn widespread support, including from fashion giants H&M, Gap and Zara-parent Inditex, which source from the country. But no one can agree on who should foot the bill.⁠
⁠
Factory owners in Bangladesh say that for them to hike wages in a big way, Western brands that are their top buyers need to pay more for clothes. Although the big names in fashion publicly support higher pay, in practice they balk when costs go up and threaten to shift their orders to other countries, said Faruque Hassan, president of the Bangladesh Garment Manufacturers and Exporters Association.⁠
⁠
Western brands say they support a boost in Bangladesh’s minimum wage, but most haven’t said by how much. Workers sewing clothes for them often make substantially more than the minimum wage but far less than what unions are demanding and what international organizations that benchmark living-wage standards consider to be enough.⁠
⁠
Read more at the link in our bio.⁠
⁠
Photo: Anik Rahman/Bloomberg News"
"christassja
#frenchrevolution No one wants to be exploited. Can we figure out how to get all the stuff done AND have everyone have lives of human dignity. Human lives with work factored in to get the things done with ample shelter, food, shelter and time to be creative curious beings? Humanity can do better, no?
1hReply","5,742",https://www.instagram.com/p/CzcdLaOrHY4/liked_by/,"The armies of people who make clothes for Western brands—some of the lowest-paid factory workers in the world—are protesting for better wages, a sign that the era of ultracheap labor, and ultracheap clothes, on which many companies rely is increasingly under strain.⁠
⁠
Garment workers in Bangladesh make as little as $3 a day, or about $75 a month. In recent days, tens of thousands have refused to work, calling for the minimum wage to be raised to nearly three times that amount. Demonstrations have spiraled, with factories set ablaze and machines smashed. Some three hundred factories stopped operations.⁠
⁠
Sewing operator Hamim Shikder, who joined protests, said the roughly $125 a month he earns—after 50 hours of overtime—is spent on his son’s school fees, increasingly expensive groceries and other essentials. When his wife recently got sick with dengue he had to borrow money for medical bills. “Whatever amount I get, I have to spend,” he said.⁠
⁠
The core of the protests, that workers need higher wages to make even a basic living, has drawn widespread support, including from fashion giants H&M, Gap and Zara-parent Inditex, which source from the country. But no one can agree on who should foot the bill.⁠
⁠
Factory owners in Bangladesh say that for them to hike wages in a big way, Western brands that are their top buyers need to pay more for clothes. Although the big names in fashion publicly support higher pay, in practice they balk when costs go up and threaten to shift their orders to other countries, said Faruque Hassan, president of the Bangladesh Garment Manufacturers and Exporters Association.⁠
⁠
Western brands say they support a boost in Bangladesh’s minimum wage, but most haven’t said by how much. Workers sewing clothes for them often make substantially more than the minimum wage but far less than what unions are demanding and what international organizations that benchmark living-wage standards consider to be enough.⁠
⁠
Read more at the link in our bio.⁠
⁠
Photo: Anik Rahman/Bloomberg News"
"pipemiranda2340
All of the most famous brands were made in poor countries ,and then it sells for expensive prices, even more.
7hReply","5,742",https://www.instagram.com/p/CzcdLaOrHY4/liked_by/,"The armies of people who make clothes for Western brands—some of the lowest-paid factory workers in the world—are protesting for better wages, a sign that the era of ultracheap labor, and ultracheap clothes, on which many companies rely is increasingly under strain.⁠
⁠
Garment workers in Bangladesh make as little as $3 a day, or about $75 a month. In recent days, tens of thousands have refused to work, calling for the minimum wage to be raised to nearly three times that amount. Demonstrations have spiraled, with factories set ablaze and machines smashed. Some three hundred factories stopped operations.⁠
⁠
Sewing operator Hamim Shikder, who joined protests, said the roughly $125 a month he earns—after 50 hours of overtime—is spent on his son’s school fees, increasingly expensive groceries and other essentials. When his wife recently got sick with dengue he had to borrow money for medical bills. “Whatever amount I get, I have to spend,” he said.⁠
⁠
The core of the protests, that workers need higher wages to make even a basic living, has drawn widespread support, including from fashion giants H&M, Gap and Zara-parent Inditex, which source from the country. But no one can agree on who should foot the bill.⁠
⁠
Factory owners in Bangladesh say that for them to hike wages in a big way, Western brands that are their top buyers need to pay more for clothes. Although the big names in fashion publicly support higher pay, in practice they balk when costs go up and threaten to shift their orders to other countries, said Faruque Hassan, president of the Bangladesh Garment Manufacturers and Exporters Association.⁠
⁠
Western brands say they support a boost in Bangladesh’s minimum wage, but most haven’t said by how much. Workers sewing clothes for them often make substantially more than the minimum wage but far less than what unions are demanding and what international organizations that benchmark living-wage standards consider to be enough.⁠
⁠
Read more at the link in our bio.⁠
⁠
Photo: Anik Rahman/Bloomberg News"
"artistangie
I'm down for buying local, sewing my own, or thrifting...
8hReply","5,742",https://www.instagram.com/p/CzcdLaOrHY4/liked_by/,"The armies of people who make clothes for Western brands—some of the lowest-paid factory workers in the world—are protesting for better wages, a sign that the era of ultracheap labor, and ultracheap clothes, on which many companies rely is increasingly under strain.⁠
⁠
Garment workers in Bangladesh make as little as $3 a day, or about $75 a month. In recent days, tens of thousands have refused to work, calling for the minimum wage to be raised to nearly three times that amount. Demonstrations have spiraled, with factories set ablaze and machines smashed. Some three hundred factories stopped operations.⁠
⁠
Sewing operator Hamim Shikder, who joined protests, said the roughly $125 a month he earns—after 50 hours of overtime—is spent on his son’s school fees, increasingly expensive groceries and other essentials. When his wife recently got sick with dengue he had to borrow money for medical bills. “Whatever amount I get, I have to spend,” he said.⁠
⁠
The core of the protests, that workers need higher wages to make even a basic living, has drawn widespread support, including from fashion giants H&M, Gap and Zara-parent Inditex, which source from the country. But no one can agree on who should foot the bill.⁠
⁠
Factory owners in Bangladesh say that for them to hike wages in a big way, Western brands that are their top buyers need to pay more for clothes. Although the big names in fashion publicly support higher pay, in practice they balk when costs go up and threaten to shift their orders to other countries, said Faruque Hassan, president of the Bangladesh Garment Manufacturers and Exporters Association.⁠
⁠
Western brands say they support a boost in Bangladesh’s minimum wage, but most haven’t said by how much. Workers sewing clothes for them often make substantially more than the minimum wage but far less than what unions are demanding and what international organizations that benchmark living-wage standards consider to be enough.⁠
⁠
Read more at the link in our bio.⁠
⁠
Photo: Anik Rahman/Bloomberg News"
"tejano5120
I care not about the demands of foreigners.
11hReply","5,742",https://www.instagram.com/p/CzcdLaOrHY4/liked_by/,"The armies of people who make clothes for Western brands—some of the lowest-paid factory workers in the world—are protesting for better wages, a sign that the era of ultracheap labor, and ultracheap clothes, on which many companies rely is increasingly under strain.⁠
⁠
Garment workers in Bangladesh make as little as $3 a day, or about $75 a month. In recent days, tens of thousands have refused to work, calling for the minimum wage to be raised to nearly three times that amount. Demonstrations have spiraled, with factories set ablaze and machines smashed. Some three hundred factories stopped operations.⁠
⁠
Sewing operator Hamim Shikder, who joined protests, said the roughly $125 a month he earns—after 50 hours of overtime—is spent on his son’s school fees, increasingly expensive groceries and other essentials. When his wife recently got sick with dengue he had to borrow money for medical bills. “Whatever amount I get, I have to spend,” he said.⁠
⁠
The core of the protests, that workers need higher wages to make even a basic living, has drawn widespread support, including from fashion giants H&M, Gap and Zara-parent Inditex, which source from the country. But no one can agree on who should foot the bill.⁠
⁠
Factory owners in Bangladesh say that for them to hike wages in a big way, Western brands that are their top buyers need to pay more for clothes. Although the big names in fashion publicly support higher pay, in practice they balk when costs go up and threaten to shift their orders to other countries, said Faruque Hassan, president of the Bangladesh Garment Manufacturers and Exporters Association.⁠
⁠
Western brands say they support a boost in Bangladesh’s minimum wage, but most haven’t said by how much. Workers sewing clothes for them often make substantially more than the minimum wage but far less than what unions are demanding and what international organizations that benchmark living-wage standards consider to be enough.⁠
⁠
Read more at the link in our bio.⁠
⁠
Photo: Anik Rahman/Bloomberg News"
"pd_live2travel
@sid_iyer and we were talking about this
11hReply","5,742",https://www.instagram.com/p/CzcdLaOrHY4/liked_by/,"The armies of people who make clothes for Western brands—some of the lowest-paid factory workers in the world—are protesting for better wages, a sign that the era of ultracheap labor, and ultracheap clothes, on which many companies rely is increasingly under strain.⁠
⁠
Garment workers in Bangladesh make as little as $3 a day, or about $75 a month. In recent days, tens of thousands have refused to work, calling for the minimum wage to be raised to nearly three times that amount. Demonstrations have spiraled, with factories set ablaze and machines smashed. Some three hundred factories stopped operations.⁠
⁠
Sewing operator Hamim Shikder, who joined protests, said the roughly $125 a month he earns—after 50 hours of overtime—is spent on his son’s school fees, increasingly expensive groceries and other essentials. When his wife recently got sick with dengue he had to borrow money for medical bills. “Whatever amount I get, I have to spend,” he said.⁠
⁠
The core of the protests, that workers need higher wages to make even a basic living, has drawn widespread support, including from fashion giants H&M, Gap and Zara-parent Inditex, which source from the country. But no one can agree on who should foot the bill.⁠
⁠
Factory owners in Bangladesh say that for them to hike wages in a big way, Western brands that are their top buyers need to pay more for clothes. Although the big names in fashion publicly support higher pay, in practice they balk when costs go up and threaten to shift their orders to other countries, said Faruque Hassan, president of the Bangladesh Garment Manufacturers and Exporters Association.⁠
⁠
Western brands say they support a boost in Bangladesh’s minimum wage, but most haven’t said by how much. Workers sewing clothes for them often make substantially more than the minimum wage but far less than what unions are demanding and what international organizations that benchmark living-wage standards consider to be enough.⁠
⁠
Read more at the link in our bio.⁠
⁠
Photo: Anik Rahman/Bloomberg News"
