[
{"job_title": "Software Developer - Remote | WFH", "job_detail_url": "https://www.linkedin.com/jobs/view/software-developer-remote-wfh-at-get-it-recruit-information-technology-3752824693?refId=4wjNy%2FFDdlrk9TJl5zA2cw%3D%3D&trackingId=fCX0QFrsCQQJl0pMcgxK%2BQ%3D%3D&position=1&pageNum=10&trk=public_jobs_jserp-result_search-card", "job_listed": "2 weeks ago", "company_name": "Get It Recruit - Information Technology", "company_link": "https://www.linkedin.com/company/get-it-recruit-information-technology?trk=public_jobs_jserp-result_job-search-card-subtitle", "company_location": "Greenfield, WI", "applicants": "not-found", "posting_date": "not-found"},
{"job_title": "Software Engineer VI", "job_detail_url": "https://www.linkedin.com/jobs/view/software-engineer-vi-at-chai-3752323291?refId=4wjNy%2FFDdlrk9TJl5zA2cw%3D%3D&trackingId=XuZXVQIXF1PFzVTVMmZNLA%3D%3D&position=2&pageNum=10&trk=public_jobs_jserp-result_search-card", "job_listed": "2 weeks ago", "company_name": "Chai", "company_link": "https://www.linkedin.com/company/chai-research?trk=public_jobs_jserp-result_job-search-card-subtitle", "company_location": "Palo Alto, CA", "applicants": "not-found", "posting_date": "not-found"},
{"job_title": "Software Engineer", "job_detail_url": "https://www.linkedin.com/jobs/view/software-engineer-at-ltimindtree-3771441494?refId=4wjNy%2FFDdlrk9TJl5zA2cw%3D%3D&trackingId=ggBKayTE%2BMdLdgaur6Oc7w%3D%3D&position=3&pageNum=10&trk=public_jobs_jserp-result_search-card", "job_listed": "4 hours ago", "company_name": "LTIMindtree", "company_link": "https://in.linkedin.com/company/ltimindtree?trk=public_jobs_jserp-result_job-search-card-subtitle", "company_location": "Irving, TX", "applicants": "not-found", "posting_date": "not-found"},
{"job_title": "Full Stack Developer", "job_detail_url": "https://www.linkedin.com/jobs/view/full-stack-developer-at-apposite-technologies-3763693812?refId=4wjNy%2FFDdlrk9TJl5zA2cw%3D%3D&trackingId=Y%2BfqucRGgNTzOogDaBlG6A%3D%3D&position=4&pageNum=10&trk=public_jobs_jserp-result_search-card", "job_listed": "2 weeks ago", "company_name": "Apposite Technologies", "company_link": "https://www.linkedin.com/company/apposite-technologies?trk=public_jobs_jserp-result_job-search-card-subtitle", "company_location": "Los Angeles, CA", "applicants": "not-found", "posting_date": "not-found"},
{"job_title": "Software Developer", "job_detail_url": "https://www.linkedin.com/jobs/view/software-developer-at-tree-top-staffing-llc-3760156331?refId=4wjNy%2FFDdlrk9TJl5zA2cw%3D%3D&trackingId=LwU%2Fmi7Dr6HYxE03XnnnKg%3D%3D&position=5&pageNum=10&trk=public_jobs_jserp-result_search-card", "job_listed": "2 weeks ago", "company_name": "Tree Top Staffing LLC", "company_link": "https://www.linkedin.com/company/tree-top-staffing-llc?trk=public_jobs_jserp-result_job-search-card-subtitle", "company_location": "Atlanta, GA", "applicants": "not-found", "posting_date": "not-found"},
{"job_title": "Software Engineer", "job_detail_url": "https://www.linkedin.com/jobs/view/software-engineer-at-u-s-bank-3774221247?refId=4wjNy%2FFDdlrk9TJl5zA2cw%3D%3D&trackingId=aN4VLzL3EyYx1NFci0yALA%3D%3D&position=6&pageNum=10&trk=public_jobs_jserp-result_search-card", "job_listed": "2 hours ago", "company_name": "U.S. Bank", "company_link": "https://www.linkedin.com/company/us-bank?trk=public_jobs_jserp-result_job-search-card-subtitle", "company_location": "Washington, United States", "applicants": "not-found", "posting_date": "not-found"},
{"job_title": "Junior Software Designer", "job_detail_url": "https://www.linkedin.com/jobs/view/junior-software-designer-at-hiremefast-llc-secure-more-interviews-job-offers-3773692407?refId=4wjNy%2FFDdlrk9TJl5zA2cw%3D%3D&trackingId=qCqK5rcq1UjcE%2BcKA6RyzQ%3D%3D&position=7&pageNum=10&trk=public_jobs_jserp-result_search-card", "job_listed": "11 hours ago", "company_name": "HireMeFast LLC - Secure More Interviews & Job Offers", "company_link": "https://www.linkedin.com/company/hiremefast-recruitment-staffing-land-job?trk=public_jobs_jserp-result_job-search-card-subtitle", "company_location": "Salt Lake City, UT", "applicants": "not-found", "posting_date": "not-found"},
{"job_title": "Frontend Software Engineer", "job_detail_url": "https://www.linkedin.com/jobs/view/frontend-software-engineer-at-kbx-3766973994?refId=4wjNy%2FFDdlrk9TJl5zA2cw%3D%3D&trackingId=UbAXSh8pycuQwflMNafx8A%3D%3D&position=8&pageNum=10&trk=public_jobs_jserp-result_search-card", "job_listed": "4 days ago", "company_name": "KBX", "company_link": "https://www.linkedin.com/company/kbx-global?trk=public_jobs_jserp-result_job-search-card-subtitle", "company_location": "Auburn Hills, MI", "applicants": "not-found", "posting_date": "not-found"},
{"job_title": "Software Engineer", "job_detail_url": "https://www.linkedin.com/jobs/view/software-engineer-at-clockwork-systems-inc-3747782309?refId=4wjNy%2FFDdlrk9TJl5zA2cw%3D%3D&trackingId=t491F9zFJ7%2BxGAlxPVdX8Q%3D%3D&position=9&pageNum=10&trk=public_jobs_jserp-result_search-card", "job_listed": "1 month ago", "company_name": "Clockwork Systems, Inc.", "company_link": "https://www.linkedin.com/company/clockwork-systems-inc?trk=public_jobs_jserp-result_job-search-card-subtitle", "company_location": "Palo Alto, CA", "applicants": "not-found", "posting_date": "not-found"},
{"job_title": "Software Engineer (ND)", "job_detail_url": "https://www.linkedin.com/jobs/view/software-engineer-nd-at-hearst-magazines-3751745414?refId=4wjNy%2FFDdlrk9TJl5zA2cw%3D%3D&trackingId=suj59WiVmVtFPzqHJLakvw%3D%3D&position=10&pageNum=10&trk=public_jobs_jserp-result_search-card", "job_listed": "4 days ago", "company_name": "Hearst Magazines", "company_link": "https://www.linkedin.com/company/hearst-magazines?trk=public_jobs_jserp-result_job-search-card-subtitle", "company_location": "New York, NY", "applicants": "not-found", "posting_date": "not-found"},
{"job_title": "React Developer", "job_detail_url": "https://www.linkedin.com/jobs/view/react-developer-at-mindpal-3764778838?refId=4wjNy%2FFDdlrk9TJl5zA2cw%3D%3D&trackingId=TYe%2FV4Mzu0I8QyxpyjjCRQ%3D%3D&position=11&pageNum=10&trk=public_jobs_jserp-result_search-card", "job_listed": "1 week ago", "company_name": "MindPal", "company_link": "https://www.linkedin.com/company/mindpal.co?trk=public_jobs_jserp-result_job-search-card-subtitle", "company_location": "San Jose, CA", "applicants": "not-found", "posting_date": "not-found"},
{"job_title": "Software Developer (OK) (20833) - Remote | WFH", "job_detail_url": "https://www.linkedin.com/jobs/view/software-developer-ok-20833-remote-wfh-at-get-it-recruit-information-technology-3769961675?refId=4wjNy%2FFDdlrk9TJl5zA2cw%3D%3D&trackingId=dWNGKde2GzS3zi1VHGvTQA%3D%3D&position=12&pageNum=10&trk=public_jobs_jserp-result_search-card", "job_listed": "1 week ago", "company_name": "Get It Recruit - Information Technology", "company_link": "https://www.linkedin.com/company/get-it-recruit-information-technology?trk=public_jobs_jserp-result_job-search-card-subtitle", "company_location": "Huntsville, AL", "applicants": "not-found", "posting_date": "not-found"},
{"job_title": "Full-Stack Software Engineer", "job_detail_url": "https://www.linkedin.com/jobs/view/full-stack-software-engineer-at-commandlink-3769236358?refId=4wjNy%2FFDdlrk9TJl5zA2cw%3D%3D&trackingId=DWTS44IEGZ2GhwNtk%2F8XfQ%3D%3D&position=13&pageNum=10&trk=public_jobs_jserp-result_search-card", "job_listed": "14 hours ago", "company_name": "CommandLink", "company_link": "https://www.linkedin.com/company/commandlink?trk=public_jobs_jserp-result_job-search-card-subtitle", "company_location": "United States", "applicants": "not-found", "posting_date": "not-found"},
{"job_title": "Software Engineer, New College Grad- 2024", "job_detail_url": "https://www.linkedin.com/jobs/view/software-engineer-new-college-grad-2024-at-visa-3757727872?refId=4wjNy%2FFDdlrk9TJl5zA2cw%3D%3D&trackingId=Ci4%2F7P8lXJCOCPHPfIzCeQ%3D%3D&position=14&pageNum=10&trk=public_jobs_jserp-result_search-card", "job_listed": "2 days ago", "company_name": "Visa", "company_link": "https://www.linkedin.com/company/visa?trk=public_jobs_jserp-result_job-search-card-subtitle", "company_location": "Austin, TX", "applicants": "not-found", "posting_date": "not-found"},
{"job_title": "React Developer", "job_detail_url": "https://www.linkedin.com/jobs/view/react-developer-at-mindpal-3764784086?refId=4wjNy%2FFDdlrk9TJl5zA2cw%3D%3D&trackingId=2qG5uhOJUfojX8svqdjqGw%3D%3D&position=15&pageNum=10&trk=public_jobs_jserp-result_search-card", "job_listed": "1 week ago", "company_name": "MindPal", "company_link": "https://www.linkedin.com/company/mindpal.co?trk=public_jobs_jserp-result_job-search-card-subtitle", "company_location": "Detroit, MI", "applicants": "not-found", "posting_date": "not-found"},
{"job_title": "full stack developer", "job_detail_url": "https://www.linkedin.com/jobs/view/full-stack-developer-at-ascendion-3769283346?refId=4wjNy%2FFDdlrk9TJl5zA2cw%3D%3D&trackingId=MXHv5rLRWfnVFmFM1diipA%3D%3D&position=16&pageNum=10&trk=public_jobs_jserp-result_search-card", "job_listed": "8 hours ago", "company_name": "Ascendion", "company_link": "https://www.linkedin.com/company/ascendion?trk=public_jobs_jserp-result_job-search-card-subtitle", "company_location": "Houston, TX", "applicants": "not-found", "posting_date": "not-found"},
{"job_title": "Java Developer", "job_detail_url": "https://www.linkedin.com/jobs/view/java-developer-at-genpact-3763522553?refId=4wjNy%2FFDdlrk9TJl5zA2cw%3D%3D&trackingId=gMDN7%2BfybHGltY4Nk9ZG%2FQ%3D%3D&position=17&pageNum=10&trk=public_jobs_jserp-result_search-card", "job_listed": "1 week ago", "company_name": "Genpact", "company_link": "https://www.linkedin.com/company/genpact?trk=public_jobs_jserp-result_job-search-card-subtitle", "company_location": "Buffalo Grove, IL", "applicants": "not-found", "posting_date": "not-found"},
{"job_title": "Software Developer", "job_detail_url": "https://www.linkedin.com/jobs/view/software-developer-at-tree-top-staffing-llc-3760150817?refId=4wjNy%2FFDdlrk9TJl5zA2cw%3D%3D&trackingId=7b2GDvkl%2BUQvjzX1J%2FTtyw%3D%3D&position=18&pageNum=10&trk=public_jobs_jserp-result_search-card", "job_listed": "2 weeks ago", "company_name": "Tree Top Staffing LLC", "company_link": "https://www.linkedin.com/company/tree-top-staffing-llc?trk=public_jobs_jserp-result_job-search-card-subtitle", "company_location": "Columbus, OH", "applicants": "not-found", "posting_date": "not-found"},
{"job_title": "ML Engineer (Entry Level)", "job_detail_url": "https://www.linkedin.com/jobs/view/ml-engineer-entry-level-at-grindr-3767149472?refId=4wjNy%2FFDdlrk9TJl5zA2cw%3D%3D&trackingId=dPFNtw9Q6cJq%2B0y%2FOFeC%2FQ%3D%3D&position=19&pageNum=10&trk=public_jobs_jserp-result_search-card", "job_listed": "1 week ago", "company_name": "Grindr", "company_link": "https://www.linkedin.com/company/grindr?trk=public_jobs_jserp-result_job-search-card-subtitle", "company_location": "Chicago, IL", "applicants": "not-found", "posting_date": "not-found"},
{"job_title": "Software Engineer, Full Stack Game Developer, Pok\u00e9mon GO", "job_detail_url": "https://www.linkedin.com/jobs/view/software-engineer-full-stack-game-developer-pok%C3%A9mon-go-at-niantic-inc-3750658317?refId=4wjNy%2FFDdlrk9TJl5zA2cw%3D%3D&trackingId=OXgNW6nDQNyp1zehziivFQ%3D%3D&position=20&pageNum=10&trk=public_jobs_jserp-result_search-card", "job_listed": "6 days ago", "company_name": "Niantic, Inc.", "company_link": "https://www.linkedin.com/company/niantic?trk=public_jobs_jserp-result_job-search-card-subtitle", "company_location": "Bellevue, WA", "applicants": "not-found", "posting_date": "not-found"},
{"job_title": "Software Engineer", "job_detail_url": "https://www.linkedin.com/jobs/view/software-engineer-at-venue-platform-3684460988?refId=4wjNy%2FFDdlrk9TJl5zA2cw%3D%3D&trackingId=id795foTlAeN3pl9G9nHOg%3D%3D&position=21&pageNum=10&trk=public_jobs_jserp-result_search-card", "job_listed": "1 week ago", "company_name": "Venue Platform", "company_link": "https://www.linkedin.com/company/venue-platform?trk=public_jobs_jserp-result_job-search-card-subtitle", "company_location": "Los Angeles, CA", "applicants": "not-found", "posting_date": "not-found"},
{"job_title": "React Developer", "job_detail_url": "https://www.linkedin.com/jobs/view/react-developer-at-mindpal-3764782212?refId=4wjNy%2FFDdlrk9TJl5zA2cw%3D%3D&trackingId=tlAWXQzYwxqMJT0XukESww%3D%3D&position=22&pageNum=10&trk=public_jobs_jserp-result_search-card", "job_listed": "1 week ago", "company_name": "MindPal", "company_link": "https://www.linkedin.com/company/mindpal.co?trk=public_jobs_jserp-result_job-search-card-subtitle", "company_location": "West Valley City, UT", "applicants": "not-found", "posting_date": "not-found"},
{"job_title": "Software Engineer (Python)", "job_detail_url": "https://www.linkedin.com/jobs/view/software-engineer-python-at-luca-talent-3764717103?refId=4wjNy%2FFDdlrk9TJl5zA2cw%3D%3D&trackingId=QiPyqf%2FUMClyNHqNRJeVVg%3D%3D&position=23&pageNum=10&trk=public_jobs_jserp-result_search-card", "job_listed": "1 week ago", "company_name": "Luca Talent", "company_link": "https://www.linkedin.com/company/luca-talent?trk=public_jobs_jserp-result_job-search-card-subtitle", "company_location": "San Francisco, CA", "applicants": "not-found", "posting_date": "not-found"},
{"job_title": "Software Engineer", "job_detail_url": "https://www.linkedin.com/jobs/view/software-engineer-at-hang-3765588286?refId=4wjNy%2FFDdlrk9TJl5zA2cw%3D%3D&trackingId=Y42brGiQq4xFuIPeq0u6iw%3D%3D&position=24&pageNum=10&trk=public_jobs_jserp-result_search-card", "job_listed": "1 week ago", "company_name": "Hang", "company_link": "https://www.linkedin.com/company/hang-loyalty?trk=public_jobs_jserp-result_job-search-card-subtitle", "company_location": "Los Angeles, CA", "applicants": "not-found", "posting_date": "not-found"},
{"job_title": "Junior Software Developer", "job_detail_url": "https://www.linkedin.com/jobs/view/junior-software-developer-at-solerity-3748685140?refId=4wjNy%2FFDdlrk9TJl5zA2cw%3D%3D&trackingId=wPgBogkzIzzi13AM%2Bqq7Pg%3D%3D&position=25&pageNum=10&trk=public_jobs_jserp-result_search-card", "job_listed": "1 month ago", "company_name": "Solerity", "company_link": "https://www.linkedin.com/company/solerityinc?trk=public_jobs_jserp-result_job-search-card-subtitle", "company_location": "Reston, VA", "applicants": "not-found", "posting_date": "not-found"}
]