url,title,views,likes,dislikes,channel_name,publish_date,channel_subscriber_count
https://www.youtube.com/watch?v=Zh5xI4E4smc,Top 20 Impossible Goals,3772087,30791,1816,SportsHD,Feb 2 2018,1.1M
https://www.youtube.com/watch?v=FbxQN2kqMTM,Best 50 Catches in Cricket Ever || Thanks for 50K Subcribers ||,9378766,38168,5015,RangeRIX,Sep 17 2017,263K
https://www.youtube.com/watch?v=2eCROXR6M7U,Unexpected Goals In Football,8563586,100561,7756,M4K,May 21 2017,483K
https://www.youtube.com/watch?v=czziAbc4QCk,Pakistan vs England 1st t20 2012 thrilling Finish,2213291,7649,2086,Straight Drive,Sep 14 2017,148K
https://www.youtube.com/watch?v=WJgWDFSpT8Y,Shahid Afridi Amazing 100 vs New Zealand Sharjah Cup 2001 2002(Super rare),783765,2183,267,Straight Drive,Sep 28 2017,148K
https://www.youtube.com/watch?v=ZGUfdMukaZc,World Record 438 Match-South Africa vs Australia- part 2,10409710,31013,4233,suhass997 Cricket,Jul 24 2014,175K
https://www.youtube.com/watch?v=ELtyFdsheAc,Shahid 'BOOM BOOM' Afridi 29 OFF 10 Balls vs Australia 2009/10 HD,1956950,4498,1002,Trevor Byers Cricket,Oct 12 2011,236K
https://www.youtube.com/watch?v=5CrNWywTZpA,"Football Circus ft. Neymar, C.Ronaldo, Ronaldinho, etc",1391488,8908,740,Wrzzer,Jun 23 2018,2.5M
https://www.youtube.com/watch?v=8iBYfd8lNXQ,TOP 10 WORST DROPPED CATCHES IN CRICKET HISTORY EVER,8067393,16976,4045,TOP10 INSANE - Cricket,Dec 29 2016,355K
https://www.youtube.com/watch?v=rtx2uTkew4c,India vs Pakistan 2nd ODI 2005 Highlights | MS DHONI 148 Match | Dhoni 1st ODI Century,8307733,12183,4755,Darting Eagles,Nov 26 2016,213K
https://www.youtube.com/watch?v=ldnJrDOgwpo,15 Most Creative Penalty Goals in Football,22813132,,,DNpro,Jul 30 2017,523K
https://www.youtube.com/watch?v=9pr_bSw0Ng0,Muhammad Amir Destroyed Australian Batting W W W W W W W T20 Series 2010,9495309,23361,8923,MSZ,Sep 24 2017,129K
https://www.youtube.com/watch?v=Dh2G5c1MuuI,"Chris Gayle Batting Fastest Fifty, & Longest Six in Cricket History , 50 runs of 12 balls ( HD )",13281753,72160,9621,Atique Rahman,Oct 27 2016,
https://www.youtube.com/watch?v=-pUN1_Tkjog,Ronaldinho Brazil : 10 Goals That Schocked The World,1615320,21913,770,SportsHD,Jul 9 2018,1.1M
https://www.youtube.com/watch?v=xJBwzvd5T7E,Final Over- Pakistan vs India Asia Cup 2014,1225072,6727,948,Syed Ali Samama Rizvi,Apr 30 2017,5.5K
https://www.youtube.com/watch?v=9OhDrZ-GwlU,Top 10 Richest Cricketers in The World - Urdu,2346561,30280,3334,PakiHolic,Jul 10 2017,79K
https://www.youtube.com/watch?v=JtGca1Kk0Mc,"Comedy Football 2017/18: Epic Fails, Bizzare, Funny Skills, Bloopers",13390584,99039,5075,Wrzzer,Dec 3 2017,2.5M
https://www.youtube.com/watch?v=ry4GfmPxKBY,Thiago Messi vs Cristiano Ronaldo Jr - Who Has The Better Lifestyle?,14447095,81564,6647,Top 10 Today,Jan 29 2018,
https://www.youtube.com/watch?v=_2Q6xhChFcg,15 Most Creative Penalty Goals In Football,7118360,32445,10151,ShishiR,Jun 8 2018,302K
https://www.youtube.com/watch?v=KqDpCmtMhEE,Los Momentos más Hermosos del Fútbol 2018 ● Football Respect,14883783,126774,5386,Joga Sport,Dec 26 2017,832K
https://www.youtube.com/watch?v=LIEuU8CZjGQ,Historical Tactical Snooker Battle!!! Ronnie O'Sullivan v Judd Trump 1080p,5237280,17839,1990,Snooker Planet,Jun 16 2017,
https://www.youtube.com/watch?v=Z8OBTEf3_eI,16 Legendary Saves In World Cup History,552028,9085,373,SportsHD,Jun 13 2018,1.1M
https://www.youtube.com/watch?v=1zl2ZuHO03I,20 Stupid Goalkeeper Mistakes In Football - Goalkeeping Fails,8082139,18462,3674,ShishiR,Apr 27 2018,302K
https://www.youtube.com/watch?v=RGfvnY8oZwY,The World's Smartest Players  ● Smart and tricky ● HD,7743026,152290,6773,Victor Produções,Feb 13 2017,550K
https://www.youtube.com/watch?v=hfOZYbonGhk,Football Stars Players & Their Kids,2982178,27525,1065,MNXHD,Jun 8 2018,437K
https://www.youtube.com/watch?v=LbEPzFkB99c,DRIBLES QUE VALE A PENA VER DE NOVO,8624869,121227,5945,Levi Skills,Aug 21 2017,
https://www.youtube.com/watch?v=07Uj3ms1tMo,BUTS INATTENDUS en FOOTBALL,1632005,20342,1911,TOP 10 EMOTION,Mar 26 2017,165K
https://www.youtube.com/watch?v=7vUfs06ZkIg,"BEST SOCCER FOOTBALL VINES - GOALS, SKILLS, FAILS #12",26356320,162305,8503,freekickerz,Oct 25 2016,6.7M
https://www.youtube.com/watch?v=OwvQnd2vvpI,15 Players Destroyed By Ronaldinho & Messi,19594602,61122,7577,SportsHD,Nov 14 2016,1.1M
https://www.youtube.com/watch?v=sJFDBkvuFbc,When Cristiano Ronaldo and Ibrahimović Made History in the Same Match,24701199,128983,12365,g Element,Nov 10 2017,667K
https://www.youtube.com/watch?v=WV8m7u90eaM,Momentos Mais Engraçados de Árbitros no Futebol,7314840,50020,8344,iLance7i,Mar 12 2018,1M
https://www.youtube.com/watch?v=9KuuqnUaCeU,World Cup 2019 India Team Squad || top 25 Players Selected Team India For The World Cup 2019,2196992,16377,2865,Sports Canvas,Jan 5 2018,268K
https://www.youtube.com/watch?v=qK1QapVJ18Q,Shahid Afridi Perfect Revenge By Muralitharan - First Match Humiliated Second Match 6 6 4 6 6 6 4,578468,2006,311,PTV Cricket,Jun 17 2018,
https://www.youtube.com/watch?v=6eulv-JrG-k,15 Pakistani Cricketers With Their Lovely Wives,6713862,18621,3999,Celebrity News,Jun 14 2017,386K
https://www.youtube.com/watch?v=YKhu2Uqmh00,"Best cricket match in the history of tapeball cricket, Khuram Chakwal vs Achi but, 2018 sialkot",227519,2318,189,Sports PK,Jun 3 2018,3.3K
https://www.youtube.com/watch?v=6kohALTIaJc,M AMIR vs M STARC | THE SWINGING-BULLETS | DEADLY YORKERS | HD,136663,1153,81,Sports Jin,Jun 22 2017,1.1K
https://www.youtube.com/watch?v=VEHidPoEyJw,Pakistan vs Sri Lanka T20 Match 2009 (Rare),2524433,6554,1212,MSZ,Dec 20 2017,129K
https://www.youtube.com/watch?v=XuVQpkNsK40,Top 10 Best Yorkers By Shoaib Akhtar In Cricket,4383566,22410,2229,TOP10 CRICKET,Aug 23 2017,346K
https://www.youtube.com/watch?v=cDP_qw5JA8E,Pakistan vs Australia Shahid Afridi crazy Batting vs Shane Watson  in test match,1309483,5186,845,Cricket Highlights,Oct 24 2017,
https://www.youtube.com/watch?v=6rzlfG6Xkg0,England Smash World Record 481-6 | England v Australia 3rd ODI 2018 - Highlights,10473365,68097,5020,England &amp Wales Cricket Board,Jun 19 2018,817K
